index,0
TGACAGTGTATCATGC-sAML1,7
GTCGAATCACGACGCT-sAML1,5
CGGAATTTCGTAGGAG-sAML1,2
GAGTGAGTCCTGGCTT-sAML1,0
TGATTCTAGTGATAGT-sAML1,0
AATGGAAGTACGGATG-sAML1,6
TCCATGCGTTCGATTG-sAML1,4
GGGACCTTCATGGAGG-sAML1,5
CCACACTTCCTACTGC-sAML1,7
TGTACAGGTCTTCGAA-sAML1,unassigned
TACCCGTGTGATCATC-sAML1,4
CAGATTGCATCATCCC-sAML1,2
TAGACCATCCAAAGGG-sAML1,4
CCGAACGCAGCTAACT-sAML1,7
AAGTACCGTTTACGTG-sAML1,7
AACGAAATCAAGTCTG-sAML1,2
CTACATTTCGTCAGAT-sAML1,1
AAGAACACACTGAATC-sAML1,6
CTTCAATAGATCGCTT-sAML1,2
TTTGGAGCATGTCAGT-sAML1,0
TGCTCCATCAAGCGTT-sAML1,4
TTTGACTCATCCTAAG-sAML1,5
AACGAAACAAGCCATT-sAML1,1
CCGTGAGTCCGCTTAC-sAML1,4
TCGCTCAGTTTCGTTT-sAML1,5
TTTGTTGGTAGAGGAA-sAML1,6
TACGCTCAGGTAGCCA-sAML1,0
GTGAGTTAGAGCAGCT-sAML1,1
CACATGATCAAGCCGC-sAML1,5
CTTACCGCAGGCATGA-sAML1,unassigned
TACGCTCGTTGATGTC-sAML1,1
AGATCGTAGCATTGTC-sAML1,unassigned
GACCTTCTCGGTCGGT-sAML1,1
ATGAGGGCAAGTACCT-sAML1,unassigned
AAGGTAATCGAGTTGT-sAML1,unassigned
ATAGAGATCGCTGACG-sAML1,7
GTTCTATCATGCACTA-sAML1,2
ACATGCAAGCCAGAGT-sAML1,2
CTAGGTACACAGTGTT-sAML1,5
GTTGCTCAGGGCAAGG-sAML1,7
CAGATTGCAGGTTCGC-sAML1,1
CAGCGTGAGGTACATA-sAML1,7
CGATCGGCATTCCTCG-sAML1,3
GGATGTTGTCGCTGCA-sAML1,2
GTGCTGGTCCGATAAC-sAML1,2
CAGATCAAGCGCACAA-sAML1,5
GGAATGGAGTTGGAGC-sAML1,0
CTTCCTTGTCTGCAAT-sAML1,0
ATGGGAGTCTGATTCT-sAML1,6
AGTCATGGTGGTAACG-sAML1,4
GGGTAGACAGAGTGAC-sAML1,1
CATCGCTCACTTGACA-sAML1,7
TCAATTCAGCAAATCA-sAML1,2
GTTACGAAGGAAGTCC-sAML1,1
ACCTACCAGGAACGTC-sAML1,7
CGTGATACACTCCGGA-sAML1,1
TTTATGCAGGCTGGAT-sAML1,6
AATGACCTCTCTGCTG-sAML1,2
GAAATGATCCCTCAAC-sAML1,4
GTCTTTAGTCGTGCCA-sAML1,unassigned
CTCCAACGTCAAAGTA-sAML1,unassigned
AGACAAATCAGTCTTT-sAML1,7
TGCACGGCAACGTAAA-sAML1,2
AGGGTTTTCATTGCGA-sAML1,7
ACTTTCAAGCCGATCC-sAML1,1
CGAATTGCAAGTGACG-sAML1,3
CCTCATGGTTAAACAG-sAML1,5
GAGGGATGTTCGGCGT-sAML1,unassigned
TGGGAGAGTCTTCAAG-sAML1,7
ACCCAAAAGAACTCCT-sAML1,unassigned
ATTCTACGTAGGCAGT-sAML1,7
ACCCAAACAAACTAGA-sAML1,2
CCTTGTGAGTGCAGCA-sAML1,0
TCTTAGTCAGTCGAGA-sAML1,unassigned
ACTATGGGTAGACACG-sAML1,4
TGTAGACGTGATTCTG-sAML1,unassigned
GAATCGTTCCGTATGA-sAML1,5
ACTCCCATCTTAATCC-sAML1,1
GAACGTTGTATCCCTC-sAML1,4
CGTGCTTAGTCTGGTT-sAML1,6
GAGCTGCGTGGATGAC-sAML1,5
GACTTCCTCGTCTAAG-sAML1,0
TCATTACTCCTCTAAT-sAML1,0
TGCACGGGTAGGGAGG-sAML1,1
ACTTAGGCAGCTGTGC-sAML1,4
TGATCAGGTATTGCCA-sAML1,4
CCTGCATAGAAGAACG-sAML1,6
TGAACGTCAGCTGTTA-sAML1,4
GGAGCAACAAGTGCAG-sAML1,4
CAGATTGCAGACCTGC-sAML1,1
GAGGCAAAGGTCTACT-sAML1,2
GAGTCTAAGTGGATAT-sAML1,5
GTTGTAGCATCCGAAT-sAML1,0
CTGTAGACACCGCTAG-sAML1,1
ATGATCGTCAAACCCA-sAML1,7
GGTGTCGAGATGGTAT-sAML1,unassigned
GTAATCGGTCAGCGTC-sAML1,1
CATTCCGCAAGTGGGT-sAML1,6
TTGCCTGCAGCGTTGC-sAML1,2
GTCTCACTCTCAGTCC-sAML1,7
TATCGCCCAGACCATT-sAML1,unassigned
GAGTGTTGTATCATGC-sAML1,unassigned
TCATGTTCATGACTCA-sAML1,4
CTTAGGAAGGTAAAGG-sAML1,5
ATCTTCACATTCAGGT-sAML1,4
GCAGCTGGTCTGTTAG-sAML1,4
AGCATCAAGACTCGAG-sAML1,5
TCTCACGGTGCAATAA-sAML1,5
TCCATGCCAGAAGCTG-sAML1,5
AAAGTGAAGACTCTAC-sAML1,1
CACGTGGAGATTAGAC-sAML1,6
AGTTCCCCAGAGTGAC-sAML1,2
GGAGATGCACCAGTAT-sAML1,unassigned
ATTGTTCGTTGGAGGT-sAML1,2
AAGTACCTCATCCCGT-sAML1,4
ACACAGTTCGCTGTCT-sAML1,6
GATTTCTCACATATGC-sAML1,unassigned
AAGCGAGCAGTGACCC-sAML1,5
GAATCACCAATCTCGA-sAML1,2
GGGACCTCACATGTTG-sAML1,5
GTCATTTTCGGAAACG-sAML1,6
ATCCGTCTCCTAACAG-sAML1,5
ATTCCCGCACCATTCC-sAML1,4
ATACCGAGTAGTCGGA-sAML1,2
ATTACTCAGCGACATG-sAML1,unassigned
ATGGTTGAGCACGTCC-sAML1,1
TCTACATCAAAGAGTT-sAML1,4
TGCTCGTTCAGATTGC-sAML1,5
GTAGGTTCAGTAGTGG-sAML1,6
GCACGGTAGCGCACAA-sAML1,5
CACAGGCAGGGTTTCT-sAML1,6
GCAGTTACAGTTTCGA-sAML1,0
CTCCTCCAGCGCATCC-sAML1,2
ACACGCGTCCACCTCA-sAML1,5
AGGTTACTCCCAAGCG-sAML1,unassigned
TTGAGTGTCACTCGAA-sAML1,4
ACAGGGACACATGACT-sAML1,1
CTCATCGTCCCTTCCC-sAML1,4
CTATCCGTCCCATTCG-sAML1,0
GTTAGACAGTAGACAT-sAML1,3
CCGCAAGTCGCCGTGA-sAML1,7
TATCTGTGTACAGGTG-sAML1,6
GGAGAACAGATACATG-sAML1,6
ACTGATGTCCCTCATG-sAML1,unassigned
AAGCCATAGCACCCAC-sAML1,6
GGCAGTCCATGTCGTA-sAML1,4
AAGTACCCATGTTACG-sAML1,7
ATTACCTCAGGTGTTT-sAML1,4
TCATGTTTCGGAACTT-sAML1,unassigned
CAACGGCCAGATCATC-sAML1,5
ACGGGTCTCGATTCCC-sAML1,7
TCTATCACATGCAGCC-sAML1,4
CCCTAACGTCACTCAA-sAML1,7
TCGCTTGCAGCGACAA-sAML1,4
ATATCCTGTGTTCGTA-sAML1,4
CGGGTGTAGATGGCAC-sAML1,6
ACAAGCTCAAAGCAAT-sAML1,unassigned
GTGCAGCGTGGCTAGA-sAML1,0
CACTAAGAGCAACCAG-sAML1,unassigned
GTGTTAGTCTAATTCC-sAML1,unassigned
TACTTACTCATTCGGA-sAML1,1
TGACTCCTCGTGACTA-sAML1,5
CTGAATGTCTAGCATG-sAML1,6
CCTCAGTGTCTCTCCA-sAML1,1
GTGAGCCAGTAGGCCA-sAML1,5
CCACCATGTTGTGTAC-sAML1,1
GTCATCCCATTCTCTA-sAML1,unassigned
GTCTTTACAAACACCT-sAML1,unassigned
TAATCTCTCCATTGTT-sAML1,0
GTGCGTGTCGAATGCT-sAML1,unassigned
CCGCAAGAGGAACTAT-sAML1,2
AAGCCATGTCAGACTT-sAML1,2
GTGGCGTTCTCGCGTT-sAML1,0
CCTCTAGCACCTGTCT-sAML1,4
AAGCGAGCACCGCTAG-sAML1,5
TACGCTCGTCTAATCG-sAML1,7
TTTCGATCAGCACACC-sAML1,unassigned
CTAGACAGTCGTACTA-sAML1,8
GTTATGGGTCGAACAG-sAML1,5
ACTATGGTCTTACCAT-sAML1,4
CCACAAATCAAGAATG-sAML1,2
AGGGCTCTCGCTCCTA-sAML1,7
AACCTGACAGAGACTG-sAML1,unassigned
GCCCGAATCATGCCAA-sAML1,2
TGCGGCAAGAGTGTGC-sAML1,7
GTCAAACCAATTGAAG-sAML1,1
ATCAGGTCAAGTTCCA-sAML1,7
TGAGCATTCTCTCGAC-sAML1,unassigned
GGCAGTCGTGCGAACA-sAML1,5
CATCCACCAATCAGCT-sAML1,3
CACCAAACACGAAGAC-sAML1,unassigned
TTGGGCGAGGCGACAT-sAML1,5
TCCGAAACACAGCGCT-sAML1,7
CAACAGTGTAGTCACT-sAML1,5
GACGTTATCTACTTCA-sAML1,unassigned
AACACACTCAGTCATG-sAML1,7
GGGAAGTCACTCCGAG-sAML1,5
CATCCCATCGCCAGAC-sAML1,1
CCGAACGCAGGTTTAC-sAML1,2
CTGAGCGGTAATCAGA-sAML1,2
CGTTCTGAGACGCCAA-sAML1,5
CCCTAACTCCTTATGT-sAML1,6
CTACCCAAGCGTACAG-sAML1,5
CTCCGATGTATCGATC-sAML1,unassigned
CCATAAGAGGTTCCAT-sAML1,2
GCAGGCTAGGTGCTGA-sAML1,1
GAGTTGTAGCGACTGA-sAML1,5
ATTCGTTAGGATTCAA-sAML1,unassigned
TTACGCCCACGTGAGA-sAML1,unassigned
CCCTCAAGTCTTTCTA-sAML1,unassigned
AGGGCTCAGGTCTTTG-sAML1,6
CATACAGCATGACAGG-sAML1,3
TCGACGGTCTGTCAGA-sAML1,unassigned
TTTCACACATGTGGCC-sAML1,0
TCAAGACGTAGAATGT-sAML1,1
AGACAGGCATTGCCTC-sAML1,4
TGATTTCGTCACGCTG-sAML1,5
TCATCCGAGCAGCGAT-sAML1,2
AATAGAGGTTCGGCGT-sAML1,unassigned
CTTCTAACACGTGAGA-sAML1,unassigned
AGCTACAAGATCGCCC-sAML1,2
TCACAAGTCATGGTAC-sAML1,6
TCCACGTTCAACTGGT-sAML1,5
GTCATTTGTCGTAATC-sAML1,7
ACAAAGATCTAGTCAG-sAML1,2
CATGCGGGTAACCAGG-sAML1,7
TCCTGCACACAGAAGC-sAML1,5
GTTAGACGTAGCGATG-sAML1,7
CAATACGTCGCTTGAA-sAML1,7
CCGTTCAGTAAGTTAG-sAML1,2
TGCAGATGTCGCATTA-sAML1,5
CCCTAACTCTTGGCTC-sAML1,2
CCTACGTGTGTTCGAT-sAML1,5
ATTGGGTTCTGCGGAC-sAML1,4
AGTCATGAGGGATCAC-sAML1,5
AGTACTGAGTCCTACA-sAML1,unassigned
CTCTCGAAGAAAGTCT-sAML1,6
CCTCACACAAAGGGCT-sAML1,5
GGCAGTCCAGGCACTC-sAML1,1
CTGCTCACATACCAGT-sAML1,2
CTGTACCTCCACTAGA-sAML1,7
AGGGTCCTCATTGTGG-sAML1,unassigned
GGATGTTCAGGACTAG-sAML1,6
TCAATCTTCTGAGAAA-sAML1,2
GAAACCTTCGCCAGAC-sAML1,2
CGAGAAGGTGTGAATA-sAML1,6
CGCGTGACAACACAAA-sAML1,5
GAGAAATAGCCTCAGC-sAML1,2
GAGTTACGTCGGTGAA-sAML1,3
AGGTTGTTCTAGACAC-sAML1,7
TACAGGTGTTAGGACG-sAML1,unassigned
CACGTTCTCGCAATGT-sAML1,1
TTGCGTCGTACTCGAT-sAML1,6
TATCGCCGTCTACACA-sAML1,7
TGGAGAGCACCGGCTA-sAML1,6
ATCATTCAGATGCAGC-sAML1,5
GTTGTCCAGTGCAAAT-sAML1,7
GTAACCATCACGAACT-sAML1,7
GTTGAACCATTACTCT-sAML1,unassigned
TGTAACGGTGGATACG-sAML1,1
AGGACTTTCTGGAAGG-sAML1,1
GAGTGTTAGTTACGGG-sAML1,unassigned
ATTCTACTCTTCCCGA-sAML1,1
TTCTAGTGTCACTAGT-sAML1,4
GATGGAGTCTACTGCC-sAML1,0
CCTTGTGAGTTGCATC-sAML1,2
GTCACTCTCTACTCAT-sAML1,0
TACTTACCACCGCTGA-sAML1,2
GGTAGAGCAGGAATAT-sAML1,7
TTCATGTTCAAAGCCT-sAML1,5
AGCTCAAGTAATTGGA-sAML1,4
AGGGTGAGTACTCGCG-sAML1,unassigned
CGAGGCTTCCACTTCG-sAML1,7
CTCACTGAGTGCTCAT-sAML1,2
GGGTTTAAGTGCTCAT-sAML1,2
CATCGCTAGATAGCTA-sAML1,unassigned
AAGCCATGTGGAGGTT-sAML1,4
TCCGTGTCAGCATACT-sAML1,6
CACTTCGAGACGGATC-sAML1,7
GGCGTCATCCCGGTAG-sAML1,6
GCACGGTCATCCAATG-sAML1,7
GACGTTAAGTCGTTAC-sAML1,1
TCAGGGCAGGGTCAAC-sAML1,4
AGGGCCTGTTTATGCG-sAML1,7
TACTTGTTCTCTTGCG-sAML1,unassigned
AAGACAAGTGTCATGT-sAML1,2
ATAGGCTTCCGTGGGT-sAML1,0
TACGTCCGTCCTGGTG-sAML1,unassigned
CGAGTTAGTATGAGGC-sAML1,7
CGTAGTACAGGCCTGT-sAML1,7
GTTCATTTCCGCAACG-sAML1,6
TCTACCGCAACAAGAT-sAML1,2
GTGCGTGCATAGGCGA-sAML1,4
AGGACGACATGCCGCA-sAML1,4
AGCATCAAGTAACGAT-sAML1,4
CACGAATTCCTTCTTC-sAML1,1
CATTGAGTCGTAGAGG-sAML1,2
AAGCATCCAATGCAAA-sAML1,2
GGGCGTTCACTGTCGG-sAML1,4
TCACAAGAGGGACCAT-sAML1,4
CGAGGCTAGTAGACCG-sAML1,2
GCGATCGAGAGTATAC-sAML1,unassigned
AATTTCCGTTGGGTTT-sAML1,6
ACGGTCGAGCGTGAAC-sAML1,5
GGCTTTCTCGCTATTT-sAML1,unassigned
CAGGGCTAGGCGAACT-sAML1,3
CATTTCACATCAGCAT-sAML1,1
ACCGTTCCAGGATGAC-sAML1,3
AGGACTTAGAGGGTAA-sAML1,6
CGTTCTGTCTGCGGGT-sAML1,unassigned
GGGTCTGGTGACTGTT-sAML1,5
TTACTGTTCATCACTT-sAML1,unassigned
TTCCTAATCGCTGTCT-sAML1,5
TGTGGCGGTGCATTAC-sAML1,4
TCGTGGGAGGACGGAG-sAML1,unassigned
TCTGCCATCACTGGTA-sAML1,0
TCAGTTTAGAAGTCAT-sAML1,4
TTACCGCCAATCTGCA-sAML1,unassigned
CAGCACGAGGCACCAA-sAML1,1
GGGTCACAGGACATCG-sAML1,1
CTTCTAAAGCACCAGA-sAML1,1
TTGTGGACAATTTCGG-sAML1,unassigned
CATGCGGCATCAGCTA-sAML1,7
GTAGGTTCATAGGTTC-sAML1,6
TGCCGAGCAAGCGAGT-sAML1,unassigned
TGATCTTTCCTACAAG-sAML1,4
ATGCATGAGACAGCTG-sAML1,5
CCAAGCGAGAAGTCTA-sAML1,unassigned
GACCGTGGTGCATACT-sAML1,1
AACGAAAAGGCGATAC-sAML1,2
CCACGTTTCGTAGTGT-sAML1,0
TCAGGGCGTCTAATCG-sAML1,1
TCGCAGGCAGCGATTT-sAML1,5
TCGGATACAATCGCCG-sAML1,7
AGACACTAGCGTCGAA-sAML1,unassigned
TGATGCACAGTCGTTA-sAML1,5
GCAGTTAAGTCATGAA-sAML1,6
CGTTGGGGTAGTCACT-sAML1,0
AGGTCTATCAATCTTC-sAML1,4
ATCCTATTCGTCTACC-sAML1,1
TAAGCCAGTCGTACTA-sAML1,4
GATCGTATCGTGCAGC-sAML1,7
CTCATGCTCAACCGAT-sAML1,3
AGGACTTCACTTGTGA-sAML1,7
GCGGAAAAGCCATATC-sAML1,4
ACGGTCGAGTGTACCT-sAML1,0
TTCGATTTCACCTACC-sAML1,0
CTCCTCCGTATGAGCG-sAML1,6
AGACCCGCACTCTCGT-sAML1,0
AGTTCCCCATCTATCT-sAML1,6
CTGAGCGGTGAGATTA-sAML1,2
GGATGTTGTGTCCACG-sAML1,7
TCTAACTTCGACATAC-sAML1,4
AACAACCGTGCCGTTG-sAML1,4
TGTCCTGGTCTAGTGT-sAML1,7
GTGGCGTGTGTTCCTC-sAML1,2
ATCGCCTAGGAGTCTG-sAML1,5
GAGAAATTCGCGCCAA-sAML1,7
TGGGCGTTCGGACGTC-sAML1,5
TGCTTCGTCCTTGGAA-sAML1,unassigned
AAAGGGCCATCGGCCA-sAML1,4
ATTTCACTCCCGAGTG-sAML1,unassigned
CGAAGTTCAACCGACC-sAML1,2
GAGACTTCATTCTTCA-sAML1,4
ACAACCACACAGTCAT-sAML1,6
GAGCTGCTCTTCCCAG-sAML1,0
GGTGGCTGTGTATTCG-sAML1,7
CAAGGGAGTAGTCTTG-sAML1,2
GACGCTGCAACTGAAA-sAML1,unassigned
TGATGCAGTCAGACTT-sAML1,2
CTATCCGTCACGGAGA-sAML1,4
GAAGGACCAACCGTAT-sAML1,unassigned
TGGGATTAGGAGGGTG-sAML1,7
TTTGTTGTCTCTCTAA-sAML1,2
GTGTTCCTCGTCGCTT-sAML1,0
TAACGACAGGAGATAG-sAML1,4
AACTTCTTCAGTGTCA-sAML1,5
CATACCCTCGCTGACG-sAML1,4
GATTCTTGTTGTGGAG-sAML1,6
GTTCTATAGTGAGGTC-sAML1,2
TCAGTCCGTGTTCATG-sAML1,unassigned
CAGTTCCAGAGGCGGA-sAML1,1
CGCATAAGTCTGTGAT-sAML1,5
TGAATCGGTTAAAGTG-sAML1,1
ACGTCCTCAGAATCGG-sAML1,6
TACCGAAAGCCTGCCA-sAML1,0
GGCTTTCGTGTGTCCG-sAML1,1
CATCGCTTCACTGGGC-sAML1,7
CCGTGAGGTGATTGGG-sAML1,unassigned
AGCGCTGAGGAAAGGT-sAML1,unassigned
ATCGGCGTCTGTCCCA-sAML1,unassigned
CGGCAGTTCAGAGTTC-sAML1,5
CTTAGGAAGACGGTCA-sAML1,5
ACGTCCTTCACTGGTA-sAML1,unassigned
GTAGGAGGTGTGTTTG-sAML1,unassigned
GTAGATCAGAGGACTC-sAML1,5
GTTACCCGTCCTGGGT-sAML1,unassigned
TGGTTAGTCCCGTTCA-sAML1,0
ATACTTCTCTCCTGCA-sAML1,7
CACTTCGCAAGATGTA-sAML1,7
GAGGGTAAGAGGCGTT-sAML1,2
AAGAACATCGGCTGTG-sAML1,4
TGTTCCGTCGGATAAA-sAML1,2
CGTAGTAGTAGGGAGG-sAML1,7
CTGGCAGAGGATTTCC-sAML1,1
GTATTGGAGCAACTCT-sAML1,0
AACGAAATCAGCTCTC-sAML1,unassigned
ATTCGTTTCGACACCG-sAML1,0
TTCACGCCACCTATCC-sAML1,4
GTTACAGCACTTCTCG-sAML1,2
GTCTCACGTTTCGCTC-sAML1,unassigned
AATGGAATCATTGCTT-sAML1,7
CAACCAAAGTATCTGC-sAML1,6
AGAGAATAGCCGTTGC-sAML1,unassigned
TATCCTATCTCAACCC-sAML1,4
TTCTGTAAGAAACTCA-sAML1,5
GCATTAGGTGAGGAAA-sAML1,7
TAAGCGTTCTAGTGTG-sAML1,6
ACGTAACTCTTTGCGC-sAML1,2
CGAGTGCAGTTGGAGC-sAML1,0
ATCAGGTCAGGCCCTA-sAML1,1
AACAACCTCCACGTCT-sAML1,1
CTTGAGAAGTCATACC-sAML1,0
ATCGGATAGGTCCGAA-sAML1,2
TAGACTGGTGCGCTCA-sAML1,7
TGGAGGACATCTGCGG-sAML1,4
ACCAAACTCAAGTGTC-sAML1,3
GGGTGTCGTCGGAAAC-sAML1,5
TACCGGGTCGCTGTTC-sAML1,unassigned
GAGTCTACATGGCGCT-sAML1,1
CAAGAGGGTATCGCAT-sAML1,7
AGGTCTATCCGCTAGG-sAML1,2
TTGCGTCTCAGGACAG-sAML1,0
GGGTCTGTCCATACAG-sAML1,4
ACCTGTCTCAACCTCC-sAML1,7
TCACAAGGTAGGTGCA-sAML1,7
CAACGGCTCCTACAAG-sAML1,unassigned
AACCCAATCGTCGACG-sAML1,2
CAAGGGAGTTGCGGAA-sAML1,unassigned
TACCCGTTCAAGGAGC-sAML1,3
TTCCTAATCCAAAGGG-sAML1,4
ATTCCATGTGACTAAA-sAML1,5
GACTCAAGTCGGCTAC-sAML1,5
CCAATGACACAAGCCC-sAML1,2
TTCGATTAGTTGTCGT-sAML1,unassigned
ACCTACCAGAGTGGCT-sAML1,5
AGCGCCAAGCTCAGAG-sAML1,unassigned
TGGTACAAGGACAACC-sAML1,7
TGTCAGAGTGTTACAC-sAML1,unassigned
CAAAGAACATACCAGT-sAML1,unassigned
CATTCATCAGACAAAT-sAML1,5
TATTGGGCAGAACTTC-sAML1,4
CAGGTATGTGCAACGA-sAML1,0
ATTCGTTAGCTCGACC-sAML1,unassigned
ATTTACCAGACCAAAT-sAML1,5
GGCTTTCGTCTCGCGA-sAML1,4
TCCGTGTTCGTTGTGA-sAML1,5
CTGGCAGTCCATCACC-sAML1,4
TAGGTTGCAGGGTTGA-sAML1,6
TCCGATCGTTTCGACA-sAML1,2
TGGAGGAAGGTTGGTG-sAML1,1
ATTACCTTCACGGACC-sAML1,6
GTTGTAGAGATACCAA-sAML1,5
CAAGAGGCAGGTGTGA-sAML1,0
AACCTTTGTCCAAAGG-sAML1,unassigned
GTCTCACAGCTTCGTA-sAML1,5
ATACCTTTCACCCTGT-sAML1,4
CCAATTTCACATAACC-sAML1,1
CGAAGGACAAGAGCTG-sAML1,1
TCGGGACTCCAAGAGG-sAML1,5
TCCTCTTCATAGGTTC-sAML1,4
CTCGAGGTCTGAGATC-sAML1,6
AGATCGTCATCCTGTC-sAML1,0
TCCTCGATCCATGATG-sAML1,unassigned
CAACGGCCAGAGATTA-sAML1,unassigned
TGCTCCAGTATCGTGT-sAML1,0
GGAGATGGTAGGAGGG-sAML1,6
GTTAGACGTCCACACG-sAML1,0
CGGTCAGGTAAGATTG-sAML1,1
AACCAACCAAGTTCCA-sAML1,unassigned
AGCTACACAAAGGGCT-sAML1,4
TCATATCCAGTTCACA-sAML1,2
AGGGTCCCATGTGACT-sAML1,1
TCTCAGCCAGGTCCGT-sAML1,5
TCTTAGTCACAGTGAG-sAML1,2
TTTACGTCACAGCGCT-sAML1,unassigned
GAAATGAGTACGTAGG-sAML1,1
AGCGCTGCAAACTCTG-sAML1,7
TAGGTTGCATGGCTAT-sAML1,6
ACCTGTCGTACGGTTT-sAML1,7
TAGATCGAGCTAGAAT-sAML1,2
TAACACGCAAGTCATC-sAML1,6
TCGGGTGGTCGAGTGA-sAML1,2
ACTTATCTCATTCACT-sAML1,5
CTTAGGATCATCGACA-sAML1,unassigned
CCCTCAAGTTGTAAAG-sAML1,2
ACGTAGTTCTATTTCG-sAML1,unassigned
GCCGATGAGCGACTTT-sAML1,5
ACACAGTTCGGTTCAA-sAML1,7
AGACTCAAGCTCCACG-sAML1,1
GTGGAAGCATCGGATT-sAML1,6
CTACGGGTCGCCTTGT-sAML1,7
GGGAGATCATGGCTGC-sAML1,2
TCAATTCCACTAAACC-sAML1,5
CTCCGATCACCAGCGT-sAML1,unassigned
CCCTAACGTCACCGCA-sAML1,0
GAGAAATCACTGCTTC-sAML1,unassigned
TTGCGTCTCCGCAGTG-sAML1,4
TCATTACTCTCAATCT-sAML1,2
GGTGTCGTCATAAGGA-sAML1,0
GCCAACGGTCACTCTC-sAML1,6
ACTATTCCAAACTAAG-sAML1,4
CAGCCAGGTATCGTTG-sAML1,0
GTCTAGATCACCGCTT-sAML1,1
CAATTTCAGGACAACC-sAML1,2
CCTACGTCAAGAATAC-sAML1,2
CTGAGCGTCAAATGAG-sAML1,2
CAGTGCGAGAATCGTA-sAML1,unassigned
GCTTCACTCAACTCTT-sAML1,7
GAGACCCTCATTACGG-sAML1,2
TGTCCTGCACAAACGG-sAML1,1
GTGAGCCTCGGAAACG-sAML1,0
AGCCACGTCGATTGAC-sAML1,1
TTGCGTCGTAAGATTG-sAML1,1
AGTCATGAGGAGGTTC-sAML1,unassigned
GCACGGTGTCGCTTGG-sAML1,4
TAGGTACAGTTTCAGC-sAML1,5
AGATGAATCCAAGCAT-sAML1,unassigned
TAGGGTTTCCTTCAGC-sAML1,unassigned
TCACGGGCATCATCTT-sAML1,5
AAGAACATCTAAGCCA-sAML1,1
TCGTAGATCTTCTCAA-sAML1,0
ATCGTAGTCATGAAAG-sAML1,4
TACTTACTCGAGCCTG-sAML1,unassigned
AGGACGAGTAGTCGGA-sAML1,unassigned
ATGGAGGTCTAAGAAG-sAML1,4
CTGCGAGCAATGTCAC-sAML1,unassigned
ATCACAGAGCGTGTTT-sAML1,5
GGGTAGAGTTGCCGAC-sAML1,unassigned
ATTCCATGTGAACCGA-sAML1,4
GTGCACGAGTGGTGGT-sAML1,unassigned
TTACCATGTACTAACC-sAML1,1
GACCCTTGTGTTTCTT-sAML1,unassigned
CATCAAGCAAATGAAC-sAML1,5
CTCCACAGTTTCACTT-sAML1,7
GGATCTAAGGCACAAC-sAML1,1
GGTGGCTAGTGGATAT-sAML1,7
CTTAGGATCGAACGGA-sAML1,1
CCTTTGGGTCTGGTTA-sAML1,unassigned
CTTTCAATCCCTCTCC-sAML1,0
CACCAAACACAAGCTT-sAML1,2
ATCTTCAGTATCGCTA-sAML1,7
GCTTCACTCTCAAAGC-sAML1,7
TTCGGTCCATACTGAC-sAML1,7
GATTCTTGTCCACGCA-sAML1,0
GATTTCTTCAAGCTGT-sAML1,1
TAAGTCGCACGATAGG-sAML1,unassigned
TGGATGTAGGTATAGT-sAML1,4
GAGGGTAAGTCTGGAG-sAML1,0
GGTTAACTCCGGTAGC-sAML1,4
GATTCTTCAGTCGCTG-sAML1,5
GTCGAATCACCCATAA-sAML1,4
GTCCCATGTACAGTCT-sAML1,6
GCCCGAATCGCTTACC-sAML1,5
GCCGATGAGTGCCGAA-sAML1,4
ATGATCGCACCTGCGA-sAML1,6
GGCTTTCAGTTGCCTA-sAML1,unassigned
AGTCTCCTCCCATTCG-sAML1,2
TTACCGCTCGTTAGTG-sAML1,6
CGCATGGAGTGCGCTC-sAML1,0
GTTGCTCAGACCATAA-sAML1,7
TCATTCATCCCATAAG-sAML1,7
CCGATCTAGATGAACT-sAML1,5
GTCCCATAGGTATAGT-sAML1,7
TGCTGAATCTGTTGGA-sAML1,7
GGGACTCGTTCTCTAT-sAML1,4
GCTACCTTCAAGCCTA-sAML1,4
TGGAGAGTCGCGCTGA-sAML1,unassigned
GGCGTCATCTTGTGCC-sAML1,7
AGGAAATTCATTCGTT-sAML1,unassigned
GAGATGGGTCCCACGA-sAML1,4
CTCATCGGTCCAGCCA-sAML1,1
ACATCCCGTTGTTGAC-sAML1,4
TATCCTAGTCTGTCCT-sAML1,0
CTGAGGCGTTCTAACG-sAML1,7
TCAAGCAGTGCCCAGT-sAML1,5
TCCGTGTCACGTCATA-sAML1,4
AGATCGTAGGATCATA-sAML1,unassigned
AGGGTCCGTGATTCTG-sAML1,6
TTCACGCTCTGGCCAG-sAML1,7
GATGATCGTTGGCCTG-sAML1,5
ATCTTCACACGCTGAC-sAML1,6
GTAGCTAGTAACATCC-sAML1,1
TATTTCGCACCCTTGT-sAML1,5
AACAAAGAGATCCTAC-sAML1,unassigned
AATGGAATCCAAGGGA-sAML1,2
TACGCTCGTACCAATC-sAML1,unassigned
TGAGGGACAGGTCTCG-sAML1,unassigned
ACCATTTAGGGAGGTG-sAML1,6
GGGAGTAGTTTCGCTC-sAML1,7
TACCTCGTCCGACATA-sAML1,4
GGGTCACCATCAGCTA-sAML1,unassigned
GACTCTCTCCGGGACT-sAML1,unassigned
CGTTGGGAGGGAGGAC-sAML1,2
CAAAGAATCCGTTGAA-sAML1,7
CGAGTTATCCTGTAAG-sAML1,unassigned
TGGGCGTTCACCGGGT-sAML1,0
ATGAAAGAGCTTGTTG-sAML1,3
CACCAAATCCAACCAA-sAML1,6
ACATTTCTCAACTGGT-sAML1,6
AGAGAGCAGATCGACG-sAML1,2
GAAACCTCATCGAGCC-sAML1,1
TTGTGTTTCGTTCCCA-sAML1,0
ATTTACCCACAATGAA-sAML1,7
ACGGGTCGTGATTAGA-sAML1,6
TGCAGATCACCCGTAG-sAML1,1
GTACAACAGGGTGGGA-sAML1,unassigned
TGACAGTTCAAGCCAT-sAML1,1
TGACAGTTCAAGTCTG-sAML1,1
GTTCGCTGTCATCGGC-sAML1,4
GATAGAAAGCGAGAAA-sAML1,6
TGAATCGGTAGCTGTT-sAML1,7
ATTTCTGAGCGCCTCA-sAML1,6
CTACAGAAGGACGGAG-sAML1,3
AGTGTTGAGGTCGTGA-sAML1,5
GTTACCCGTAGGCAGT-sAML1,0
TTCAATCGTGGAACCA-sAML1,7
CCTCCAATCATACGAC-sAML1,2
GAGATGGAGGTCTGGA-sAML1,unassigned
CCGTAGGAGCACTAGG-sAML1,unassigned
ATTACTCCACAAATGA-sAML1,unassigned
AAGTGAACACATATCG-sAML1,2
ATAGACCTCGTGGCGT-sAML1,unassigned
ACACTGACATTCTCCG-sAML1,2
CAATTTCGTTCGAACT-sAML1,1
CCTGCATCAGTGTATC-sAML1,5
AATGGAAGTGGATGAC-sAML1,2
CTGTAGAGTTAGCTAC-sAML1,unassigned
AGCGTCGAGAAAGTCT-sAML1,1
CGGGTGTTCAGATGCT-sAML1,6
CTCAACCCATTCCTAT-sAML1,5
TGTTACTTCTAAGGAA-sAML1,6
TACCGAAGTTCCAGGC-sAML1,4
ACTATCTGTATTTCGG-sAML1,5
GCGAGAATCACTGTCC-sAML1,6
ATCGATGGTCTCGGGT-sAML1,unassigned
AACAACCTCGGAACTT-sAML1,5
CCACGAGGTGCGGATA-sAML1,unassigned
CCCATTGAGTCTCTGA-sAML1,0
CATACCCCATCATTTC-sAML1,2
GAATCACGTTATTCCT-sAML1,4
ATCACGAAGAAGAACG-sAML1,2
CTTCGGTAGCCATATC-sAML1,unassigned
AATCACGTCATTCACT-sAML1,2
GTGATGTTCGACGACC-sAML1,6
GACGTTATCTTACTGT-sAML1,3
CACGGGTGTGAGTCAG-sAML1,1
TCCATCGAGCGCCTTG-sAML1,2
TGCAGTACATGCCGAC-sAML1,2
CTCACTGGTGAACTAA-sAML1,5
ACTTCCGCAAGCAGGT-sAML1,1
CGGGCATGTTGGTACT-sAML1,5
AGGGTCCGTACCCGAC-sAML1,unassigned
TCGAAGTGTACACGCC-sAML1,2
GCCAGCATCTCGACGG-sAML1,5
TGGTGATGTTGCTCGG-sAML1,4
AGGGTCCGTCGGATTT-sAML1,7
TTCTCTCTCTAGCCTC-sAML1,8
ACTTTCAAGTCGAGGT-sAML1,4
TTCTTCCTCATACGGT-sAML1,2
ACAACCATCGCCTCTA-sAML1,4
GGGTTATTCGGAGCAA-sAML1,0
AAACGAAAGTAGACCG-sAML1,1
TCCAGAACAAGTGTCT-sAML1,6
GTGTTCCGTAACCCGC-sAML1,0
TCCGATCCACTGTCGG-sAML1,7
TCAGTTTTCAATCGGT-sAML1,7
AAGAACAAGGCGTCCT-sAML1,7
GAAACCTAGTCAGGGT-sAML1,0
GGTAATCTCCCTCATG-sAML1,4
GATGCTATCCCTCTAG-sAML1,unassigned
GATAGAAAGAGTCAGC-sAML1,6
GGACGTCGTAAGGAGA-sAML1,4
CGTTCTGGTCACTCTC-sAML1,unassigned
TTGCTGCCATCATTTC-sAML1,0
CTACTATTCTCTGCTG-sAML1,4
ATTTCTGCAGAGCTAG-sAML1,5
GTCTGTCAGACCAAAT-sAML1,3
TGTGAGTTCTTGTGCC-sAML1,0
GGTAATCTCAACCTCC-sAML1,4
GTGCACGGTATTCCGA-sAML1,4
GTCTACCTCCGCGAGT-sAML1,7
TCCATGCGTCCTTGTC-sAML1,7
CCGTTCACATGTGTCA-sAML1,7
TGCACGGTCGCGTGCA-sAML1,0
GCATGATGTTGAGTCT-sAML1,4
CATCCCATCGTAACAC-sAML1,0
CTCTGGTCACATAGCT-sAML1,6
TGATGCAGTCGTACTA-sAML1,unassigned
GTAGGAGCACTCATAG-sAML1,7
TCCGAAAAGCTGAAGC-sAML1,unassigned
TACGGGCGTTTACACG-sAML1,5
CTGTCGTAGGCGTCCT-sAML1,3
AGTAGTCTCGGACGTC-sAML1,7
TCACATTTCTCAATCT-sAML1,unassigned
ACTTTCAGTGAACTAA-sAML1,unassigned
CACAGGCCATTCAGCA-sAML1,0
TCAAGTGTCCTAAACG-sAML1,unassigned
TGCCGAGCAGTATACC-sAML1,7
GTTTACTCAGCCGGTT-sAML1,6
ATTTCACAGCTGTCCG-sAML1,3
CAGTGCGTCCCAATAG-sAML1,0
CCACACTCATCGATCA-sAML1,7
CCCGGAATCTCTCGCA-sAML1,0
ACGTACAGTTGTTGTG-sAML1,4
TTCGCTGAGTTGTCGT-sAML1,4
TTCGATTGTTTAGACC-sAML1,6
GGCACGTGTCAAGTTC-sAML1,6
TATCTTGAGTACTCGT-sAML1,4
CCGTTCAAGACTAGAT-sAML1,4
ATCGGATGTAGAAACT-sAML1,0
ATTTCTGGTCGGATTT-sAML1,4
ATACTTCAGCTTTGTG-sAML1,0
CTTGAGAGTCGATGCC-sAML1,unassigned
TTATTGCTCTCGCCTA-sAML1,4
TCTATACCACAATGCT-sAML1,4
TACCGGGGTTCCGGTG-sAML1,0
AGTACTGGTCGACTTA-sAML1,7
CTCATCGCAGAGGACT-sAML1,0
AGGAATAGTTTGGGAG-sAML1,1
TTCTAACAGAGTCAGC-sAML1,0
TTTCAGTCACTATCGA-sAML1,2
ATCGTGACACAGCGCT-sAML1,5
CTACATTTCGTTAGAC-sAML1,6
CTCTCGAAGGAGCAAA-sAML1,2
ATATCCTGTGACACGA-sAML1,7
ATACCGAAGGTACATA-sAML1,1
AGCCACGGTCTACACA-sAML1,7
CCTCCAAAGGAAAGGT-sAML1,1
CTAACTTTCGCCGTGA-sAML1,unassigned
GCCATGGTCCTGTAGA-sAML1,7
GCGAGAATCGCAGAGA-sAML1,2
GTCCACTAGGCTAAAT-sAML1,6
ATTTCACCATCCCACT-sAML1,1
TGGTACAAGTTGGCTT-sAML1,6
TCCCACAGTCATGCAT-sAML1,unassigned
TGTTACTGTACCGGCT-sAML1,unassigned
AAGACTCCAGTGGTGA-sAML1,0
TTGTGGATCCGCATAA-sAML1,7
TCTACCGTCCACTTCG-sAML1,7
ATCGGCGCAGATCACT-sAML1,unassigned
TACACCCGTAGTACGG-sAML1,7
GGGTTTATCAACCTTT-sAML1,0
TTTCACAGTCCAGGTC-sAML1,3
TCATTCAAGAATACAC-sAML1,0
TTCGCTGAGGTGGCTA-sAML1,5
CACCGTTCAAACTGCT-sAML1,4
AGGATCTGTTTGGGAG-sAML1,5
TGCTCGTCAACTTCTT-sAML1,6
GTACAACCAACAGCCC-sAML1,5
TTCTTCCGTCGGTGAA-sAML1,5
GGAAGTGGTTCGGACC-sAML1,4
CTGTACCAGTTACTCG-sAML1,7
AAAGGATGTTTAAGGA-sAML1,5
TATCTTGGTCTGCCTT-sAML1,unassigned
TGCGACGCAAGGATGC-sAML1,unassigned
GTCGCGATCTATCGGA-sAML1,7
GTAATGCCACGACTAT-sAML1,5
ATCGTCCAGCAGCGAT-sAML1,5
GAGACTTAGACATAAC-sAML1,2
CGTTAGACACTCCTTG-sAML1,7
ATCCACCGTGGTGATG-sAML1,2
TACCGGGCACAGTGAG-sAML1,7
GGGCCATGTTAAACAG-sAML1,5
AGTTCCCTCTAGGCAT-sAML1,7
GGAGCAATCTCGACCT-sAML1,0
TACCGGGCAAAGAACT-sAML1,unassigned
TTGTTCAAGGTTAGTA-sAML1,2
AGACCCGAGTGATAAC-sAML1,unassigned
AAAGGTAGTTACCCAA-sAML1,2
TCCTCTTCAGGAATCG-sAML1,5
GTGCTTCTCTTCGACC-sAML1,unassigned
CCGATCTTCACTGGGC-sAML1,0
TTTCCTCCAATTCTTC-sAML1,4
CATAAGCTCCGTGCGA-sAML1,0
ATTCAGGGTTTGATCG-sAML1,6
GATCGTATCATGCCAA-sAML1,6
TTAATCCAGAGGCGTT-sAML1,5
CACCGTTGTGCTGCAC-sAML1,7
ACTCCCAGTCGTGGTC-sAML1,7
TTTATGCGTATGATCC-sAML1,unassigned
CAATTTCCACTGGAAG-sAML1,2
ATCCATTGTCGAGCAA-sAML1,7
GAAGCGACAGACCCGT-sAML1,0
GGGACAATCTGGTCAA-sAML1,5
AGAAGTATCCCGAGAC-sAML1,2
TGGAACTTCATCGCCT-sAML1,unassigned
TGCAGATAGACCCTTA-sAML1,unassigned
ATCACAGCATGCGTGC-sAML1,4
GCTGCAGCAGCAGTCC-sAML1,7
TTGGGCGTCTACGGTA-sAML1,5
AGCCAATAGGCGCTCT-sAML1,unassigned
CATTCTAGTCACGCTG-sAML1,unassigned
TCATGTTAGAACAAGG-sAML1,unassigned
ATGCGATTCGTGTCAA-sAML1,7
CTCTCGAAGCATCAGG-sAML1,0
GTAATCGGTCGCTTAA-sAML1,0
GTTGAACCACCTTCGT-sAML1,6
CCACTTGGTGGCTTAT-sAML1,2
GCACATATCCAATGCA-sAML1,7
GCTACAATCAAATGAG-sAML1,4
GTGTCCTAGAAATTCG-sAML1,5
TACGTCCCAAGGGTCA-sAML1,6
TGACTCCCAGACAATA-sAML1,unassigned
ATTACTCCAGAAACCG-sAML1,2
GAAGGACTCCAACTGA-sAML1,1
TAAGCGTTCTCACGAA-sAML1,2
ATAGACCGTTGCACGC-sAML1,unassigned
AACGAAACAGGTATGG-sAML1,unassigned
CCCATTGTCTAGTGAC-sAML1,7
AGTGTTGAGCGCCCAT-sAML1,unassigned
TCTCTGGGTGTGTTTG-sAML1,unassigned
ATAGACCTCACGATCA-sAML1,7
GCATCTCAGGTGCTAG-sAML1,1
TTCGATTAGACCGTTT-sAML1,7
AACACACAGACGCCAA-sAML1,2
TTCTGTAGTACTCAAC-sAML1,1
ATCGCCTTCGTGGCTG-sAML1,unassigned
GGAAGTGAGAGAGAAC-sAML1,2
AGTGACTCAGGCCTGT-sAML1,7
TTCCTAAGTAGCACAG-sAML1,4
ATCTCTATCATGAGTC-sAML1,3
TCGATTTAGGATCATA-sAML1,5
GCCGTGAAGCCTGTGC-sAML1,0
TGCTTCGAGTTGGGAC-sAML1,0
GTTGCTCGTCTTAGTG-sAML1,4
ATCGGATTCGACGATT-sAML1,0
GGAGCAAGTGAGACGT-sAML1,6
AGTTCGAAGCGTGAAC-sAML1,4
AAGTACCGTGGTTTAC-sAML1,unassigned
ACGTACACAACAGAGC-sAML1,1
TGAATCGGTTCAGTAC-sAML1,4
ATCGCCTGTCAGACGA-sAML1,2
ATGGTTGTCAGTCTTT-sAML1,7
GTGTGATTCCTCTCGA-sAML1,4
TGGTTAGTCGGCCTTT-sAML1,6
AAGTCGTGTTATAGCC-sAML1,2
AAATGGAAGGCCTTGC-sAML1,1
TCAGCCTGTACGTACT-sAML1,0
CACGTTCCAACAAAGT-sAML1,2
GTAGAGGCACGACGTC-sAML1,6
CAATTTCAGCTCGGCT-sAML1,7
GTGACGCGTGGAGGTT-sAML1,5
GTGACGCTCAGGAAGC-sAML1,0
CTCATGCAGGGTTTCT-sAML1,0
AACTTCTGTCGTGCCA-sAML1,unassigned
TACGTCCTCATGCGGC-sAML1,5
ACGATCAGTTGCCATA-sAML1,2
GATGCTATCTTCTGGC-sAML1,4
TGATGCATCTGTAAGC-sAML1,5
TCTGTCGAGAGAATCT-sAML1,unassigned
TCATCATAGATCGACG-sAML1,unassigned
ATTCCCGAGTCAAGCG-sAML1,8
TCCCAGTTCGTGCGAC-sAML1,2
GCTACCTCAGCAGATG-sAML1,1
TCCTTTCTCTGCGATA-sAML1,6
ACAGCCGAGGGTAATT-sAML1,2
GCACGGTCATACCGTA-sAML1,5
CTGCATCGTTATTCTC-sAML1,7
GTGCTTCGTGCGCTCA-sAML1,2
ACGTTCCGTAGTATAG-sAML1,7
TTCACCGCAGAGGGTT-sAML1,6
AGTCATGAGTTGTCAC-sAML1,2
TCAGGTAAGCCTCTCT-sAML1,1
TACATTCGTTACACAC-sAML1,4
GGTGTCGTCGCAGTCG-sAML1,2
GGAGGTATCAAGAGGC-sAML1,4
GGATCTATCGAGTACT-sAML1,unassigned
ACGCACGAGGTTGACG-sAML1,7
GGGTTATCACTCACTC-sAML1,unassigned
TGCACGGTCGGCTCTT-sAML1,2
ACAAAGATCCGTAGTA-sAML1,0
TATCGCCTCGCAGTCG-sAML1,5
GAACTGTCAAACCATC-sAML1,6
CGGAATTGTAGTGTGG-sAML1,7
ATGGATCCACCAGCGT-sAML1,2
GCCGATGCAGTATTCG-sAML1,2
AACCCAAGTTCTCGTC-sAML1,7
TACCGGGCAAGTATCC-sAML1,4
AACCCAAAGTGCGCTC-sAML1,2
GCGAGAACACACCTTC-sAML1,7
ACTATTCCAATTGAAG-sAML1,2
TTGTGTTTCGATGGAG-sAML1,2
AGTAGTCAGCACACCC-sAML1,unassigned
TACCCGTCATGATAGA-sAML1,6
GCACGTGTCTTTCAGT-sAML1,unassigned
CATTGTTAGACTCGAG-sAML1,5
GTGACGCGTTTCGGCG-sAML1,4
AGGAATACAGAGGTAC-sAML1,1
CGCGTGAGTGCCCGTA-sAML1,5
CAGCCAGTCCTACCGT-sAML1,7
ACGGTCGAGGAGGCAG-sAML1,unassigned
TGGAGAGAGCAAATCA-sAML1,4
CGAGTTAAGTCAGAGC-sAML1,7
TTGATGGCAAGTCCCG-sAML1,2
TCAAGCAGTGGCGCTT-sAML1,6
AGTTAGCTCATTCGGA-sAML1,unassigned
AGGTAGGCAACAAGAT-sAML1,unassigned
AACCAACTCCAGCACG-sAML1,4
GGACGTCAGGATACGC-sAML1,7
AAAGTGACAATTTCTC-sAML1,4
ATCGTCCGTACGATGG-sAML1,2
GATGAGGAGACCGTTT-sAML1,unassigned
TTGTGGATCCGCGAGT-sAML1,unassigned
CGGGTCATCTTACGTT-sAML1,4
GTGGTTAAGCTGTGCC-sAML1,4
GGGTGTCGTGTCTTAG-sAML1,1
TAACCAGGTACGGTTT-sAML1,5
TTCTGTAGTCCGGTCA-sAML1,4
CTATAGGTCATTTCGT-sAML1,6
AGTCACAGTAAGTTGA-sAML1,2
GGGCTCAGTAGGCTCC-sAML1,7
TTCTCTCTCGCTTTAT-sAML1,0
TCTCACGGTGTTAACC-sAML1,2
GACCCAGTCGCAGATT-sAML1,8
AGTGACTAGACAACAT-sAML1,6
TAAGCACCATAAGCAA-sAML1,unassigned
CGTGATATCTACTGCC-sAML1,unassigned
AATTTCCAGCATTTCG-sAML1,unassigned
TCGAAGTCAATCTCGA-sAML1,0
AGAAGCGGTTATCCAG-sAML1,0
GTGGGAAGTATAATGG-sAML1,1
TACCGGGTCGCGCCAA-sAML1,7
CATGGTAGTGCATCTA-sAML1,unassigned
CTCATGCGTAAGGCCA-sAML1,unassigned
GATTCTTTCTTGCAAG-sAML1,6
TGCACGGTCACATCAG-sAML1,1
GTGGGAATCCAAGCAT-sAML1,2
ATCGGATTCCCAGCGA-sAML1,1
TGCTCGTAGACGGATC-sAML1,7
GGGACAACAGCTGAGA-sAML1,unassigned
GTAATCGGTCCTATAG-sAML1,6
GGGTGAACATGTCGTA-sAML1,0
TGGTAGTCACGAGGTA-sAML1,unassigned
TGTTGAGCACTTGAGT-sAML1,7
TACGGTATCGAGTACT-sAML1,1
GTGTTAGGTCGTGTTA-sAML1,unassigned
TCCCAGTTCGTGCATA-sAML1,7
ATTCATCCAAACTGCT-sAML1,1
GCACGTGGTCACAGAG-sAML1,5
CGCATGGGTGGTCTAT-sAML1,0
AATGAAGGTCCACGCA-sAML1,2
GGAGCAACAGCCCAGT-sAML1,4
CTACCTGCAGTGTACT-sAML1,1
GTCGTTCGTTGCATTG-sAML1,0
ACCCTCAGTTGGTAGG-sAML1,4
AAAGGGCTCGCCTATC-sAML1,1
GCAGCCAGTCGTATGT-sAML1,5
CTATCTAGTCGCGGTT-sAML1,4
CTCACTGCAAGACAAT-sAML1,2
CTCCAACAGTTGTACC-sAML1,4
AACAGGGAGTCAGCGA-sAML1,2
AAGCGAGAGCGGACAT-sAML1,0
TTTCATGAGCAGCGAT-sAML1,7
TCGTAGACATGAGTAA-sAML1,5
GTGGAGACAACTGCTA-sAML1,7
TCGGGCAAGGCTCTAT-sAML1,4
ACACTGACATCGATAC-sAML1,5
TGTAGACGTTTCCATT-sAML1,unassigned
TATCCTAAGCATACTC-sAML1,7
GCACGGTAGTGCACTT-sAML1,0
GTAAGTCCAGTAGGAC-sAML1,2
GCCGATGCACAGTCAT-sAML1,0
TCGTGCTGTACTTGTG-sAML1,0
TGGGCTGTCTACAGGT-sAML1,unassigned
GCAGCCACACGGCGTT-sAML1,2
ACTTATCCATCTCGTC-sAML1,5
AGATGAAAGTAGGAAG-sAML1,7
ATCGGATAGTTCTACG-sAML1,7
CTCATTAAGATAGCAT-sAML1,5
GGTGGCTAGTTACTCG-sAML1,4
CGTTGGGCAACGATTC-sAML1,6
TACGGGCCAGAGTTGG-sAML1,0
TCGTGGGGTCGAATTC-sAML1,6
CTTGATTAGGTAATCA-sAML1,unassigned
ACCTACCGTGGTAACG-sAML1,0
CAGTTAGTCCGAGCTG-sAML1,3
TTGGATGGTGTTCGAT-sAML1,1
TGCGGGTAGGTGCCTC-sAML1,unassigned
GTCTACCTCTTACCGC-sAML1,1
GGTTCTCGTTGGAGGT-sAML1,6
ATTCCTAGTATGAAGT-sAML1,1
GATGCTATCCCGATCT-sAML1,1
CTCCCAAAGAGCATTA-sAML1,6
GGGCTCAAGCGAGTCA-sAML1,unassigned
ATAGGCTAGGACGCAT-sAML1,unassigned
GAGGGATCACCACTGG-sAML1,5
TTTACGTAGACGCCCT-sAML1,4
ACATCCCAGTCGTTAC-sAML1,0
CGAATTGAGTGCACCC-sAML1,5
GAAATGAAGTGGTCAG-sAML1,1
GGTGAAGCACAGGATG-sAML1,6
CAGGGCTGTATGAAAC-sAML1,0
CGAATTGCAGATTAAG-sAML1,0
TATCTTGTCATAGACC-sAML1,1
TTCGCTGAGGTGCGAT-sAML1,5
GCCATTCCACAAACGG-sAML1,1
GATAGCTAGAACGCGT-sAML1,2
GATAGCTTCAAGCCAT-sAML1,2
GTCGTTCCAGGAACCA-sAML1,2
TGGAACTCACATCCCT-sAML1,5
GTGGGAAGTGTCGCTG-sAML1,2
GCATCTCGTCTAGATC-sAML1,2
GCGTGCATCGGTGTTA-sAML1,0
TATATCCCATAGGCGA-sAML1,1
CGAGTGCCACGACAAG-sAML1,0
ATGCGATGTCGATGCC-sAML1,0
CTCATCGCATCCGTTC-sAML1,0
CACCGTTCAGAAATCA-sAML1,6
CAGGCCAGTCGTATTG-sAML1,0
ATGGAGGAGGGTCACA-sAML1,unassigned
CTGAGCGCACACTGGC-sAML1,unassigned
TGAGACTGTGGCTTGC-sAML1,7
ATGGTTGCAGTGTGCC-sAML1,7
ACGTCCTCAACAAGTA-sAML1,0
GTTTACTCAGGTGAGT-sAML1,4
TAGAGTCAGAGGACTC-sAML1,7
CTCAACCAGAGCATCG-sAML1,2
GCTTGGGAGTCTGTAC-sAML1,3
CGTAATGTCAGGGATG-sAML1,7
TTGTTTGGTTATGGTC-sAML1,unassigned
GATGAGGCATTGACAC-sAML1,7
CATCGGGAGCATGGGT-sAML1,6
TGATTCTCAAGCAGGT-sAML1,2
GTGCACGAGGCTCAAG-sAML1,7
CTGATCCAGTATGGAT-sAML1,1
GGTGGCTAGACCCTTA-sAML1,0
TTTGTTGTCCATCTAT-sAML1,4
ATCACAGGTCAACCTA-sAML1,1
GCGTGCAAGGGCAATC-sAML1,0
TGCATGAGTATCCCAA-sAML1,0
CTTGATTGTTACACAC-sAML1,7
CGATGCGCAACTCATG-sAML1,4
CGCCAGATCGCAACAT-sAML1,4
TTTACGTTCCCATGGG-sAML1,0
CCTCACAGTCTGATCA-sAML1,7
AAGTTCGCACGATAGG-sAML1,7
AACCAACGTTGGGTTT-sAML1,7
AGGCCACGTACAAACA-sAML1,0
CGCATGGTCCCTTTGG-sAML1,6
GTTGCTCCAACGATTC-sAML1,0
ATGGGAGTCGGTTGTA-sAML1,5
GTAGCTATCAATCAGC-sAML1,unassigned
TCAAGCATCTCGCGTT-sAML1,unassigned
ACAGGGAAGGCGCTTC-sAML1,unassigned
CACAGATTCCGATAGT-sAML1,1
CCGCAAGTCCCATAGA-sAML1,6
CCTCAGTAGCTGTTCA-sAML1,5
GAAGAATAGGGAGGGT-sAML1,6
TTCCTAAAGTTCAACC-sAML1,1
ATTCTACCATCAGTCA-sAML1,5
TAATCTCCATCCGAAT-sAML1,unassigned
GATGATCTCATAAGGA-sAML1,0
AGGGTTTTCTTGTGCC-sAML1,1
CCTAACCTCCGCAAAT-sAML1,6
TAGGAGGGTGTAGTGG-sAML1,2
TCCACCAAGGATTTAG-sAML1,4
TGGGAAGGTCCACTCT-sAML1,5
TTACCGCGTCACCGCA-sAML1,5
CATGGATGTGGCCTCA-sAML1,5
CCGGTAGTCAGCGCGT-sAML1,4
ACTTTCAAGGGCAGAG-sAML1,1
TCATGAGCAACGGGTA-sAML1,5
TAATTCCAGATGCTTC-sAML1,3
ATGTCTTTCGTCCTTG-sAML1,6
GCGTGCATCTATACTC-sAML1,4
ATTACTCCACGTGAGA-sAML1,7
GTTGCGGGTGGTCAAG-sAML1,4
GACGCTGGTCTCAGAT-sAML1,4
CAGTTCCCATGAAGGC-sAML1,4
ACTATGGGTCTCACAA-sAML1,7
CCTACGTTCTTAGCTT-sAML1,unassigned
TTGGGCGAGCACACCC-sAML1,0
TCCCAGTGTCGAAACG-sAML1,2
TTCTAACTCGGAGTGA-sAML1,unassigned
AAAGGATCAATCCTAG-sAML1,7
TTAGGCATCTGGTTGA-sAML1,7
GGCTTGGCATCGAAGG-sAML1,2
CAAAGAACAAATGCTC-sAML1,unassigned
TTGTTGTAGACCTTTG-sAML1,5
CGGGTCAAGTGAGCCA-sAML1,5
TCCTAATAGTCATGGG-sAML1,7
GTTACAGCACGCGTCA-sAML1,5
AATGACCGTACGTGAG-sAML1,0
CGTCCATGTTCCACAA-sAML1,7
GTCATCCGTGATCGTT-sAML1,0
GTACAACAGGGTAGCT-sAML1,unassigned
CCCTCAAGTCTAGTGT-sAML1,7
CAACAGTCACCAGGTC-sAML1,unassigned
GGGACCTTCCGTGTGG-sAML1,6
AGTCATGTCTGAGGTT-sAML1,1
GTCAAACCACAACGTT-sAML1,5
CACGTGGGTAAGCTCT-sAML1,6
AATGACCGTCACGACC-sAML1,1
CACGTGGTCGCCGTGA-sAML1,7
TTCGGTCAGTGGCCTC-sAML1,2
GTCAAACGTACGACAG-sAML1,7
TGGAGGAGTGTAGTGG-sAML1,2
GGGCTCAGTATGCTAC-sAML1,4
TTTGGAGGTTCCGCGA-sAML1,7
TATTTCGCAGCCGGTT-sAML1,6
TCATTACCATCGAACT-sAML1,7
AGTAGTCAGACCAGCA-sAML1,3
CATAGACTCTTCCAGC-sAML1,1
TGGGAAGGTGCAACGA-sAML1,4
ATCGCCTTCATTGTTC-sAML1,5
CAGATCATCTTCCAGC-sAML1,5
GAATAGAAGTCCGCCA-sAML1,1
ATTCTTGGTGGCTTGC-sAML1,4
AGGGCTCAGCGTGCTC-sAML1,7
TTCAATCCAGAACTCT-sAML1,2
TTCCGGTTCTTGGATG-sAML1,6
TTAGGCAAGTCCCAAT-sAML1,0
TTAGGCACACCCGTAG-sAML1,unassigned
TGTCCACTCAAACCTG-sAML1,4
TCGATTTTCAGAGCGA-sAML1,5
ATGGGAGGTAGTCTTG-sAML1,7
GGAGAACCATATACCG-sAML1,unassigned
GGTCTGGAGAGAATCT-sAML1,2
GTAAGTCTCCCAGGCA-sAML1,7
TCAAGCATCCTTCTAA-sAML1,2
CACTGAAAGCACGATG-sAML1,0
TGTGGCGAGTAGCCAG-sAML1,1
CATCGTCTCTCGTCAC-sAML1,4
CATAAGCTCTCTCGAC-sAML1,2
ACGGAAGCACCATATG-sAML1,7
GTTGTAGAGTATGTAG-sAML1,unassigned
CTCCAACTCCGTGGGT-sAML1,5
CCATCACTCGAGATAA-sAML1,1
GATGACTAGGTATAGT-sAML1,5
CCCGAAGGTCATAGTC-sAML1,4
TGAGTCATCGCTCATC-sAML1,4
AGTCTCCAGAGCATAT-sAML1,5
ATCCATTAGGGCAGTT-sAML1,7
GGCACGTAGTGCGACA-sAML1,2
GAATAGAAGTAGGGTC-sAML1,6
CCCAACTTCGTTTACT-sAML1,2
ACACTGAGTGATGGCA-sAML1,3
CCTCATGTCAGAGCGA-sAML1,unassigned
GTCTACCCAGGAATAT-sAML1,1
GGGCTCACACGTCGTG-sAML1,4
TATACCTGTACGAGCA-sAML1,2
CAGAGCCAGGAACGCT-sAML1,unassigned
AAACGAACAGGTACGA-sAML1,unassigned
TACTGCCGTTCTCAGA-sAML1,7
CCTTGTGCAATGCAGG-sAML1,2
AAGATAGCATCCTCAC-sAML1,2
CTGTATTAGCTAATCC-sAML1,unassigned
GAGTGAGAGTGAGGTC-sAML1,5
TCATTACGTTGAATCC-sAML1,unassigned
ATCGCCTTCGAACCTA-sAML1,unassigned
CGGGCATTCGCCGTGA-sAML1,7
GAAATGAAGTTTGAGA-sAML1,2
TAGATCGCACTCACTC-sAML1,4
TCAGCAACATGCAGCC-sAML1,6
CACCGTTCACATTCTT-sAML1,7
CCTACGTGTGGATCAG-sAML1,1
CTGAATGAGTCCTACA-sAML1,5
GATCACACAAAGGGTC-sAML1,2
GATGGAGAGACCGTTT-sAML1,7
TCGGTCTAGGCGACAT-sAML1,5
GAATAGAGTGTGGACA-sAML1,2
AGGGAGTTCCCTGTTG-sAML1,7
ACTTCCGGTCTCGACG-sAML1,2
TCCTAATAGCCGATCC-sAML1,4
CAGTTCCGTGACACGA-sAML1,7
TAGGTTGGTTTAGACC-sAML1,5
CCTGCATAGCACGATG-sAML1,5
TCCTGCAGTTACCGTA-sAML1,1
ACTTAGGCAACCCGCA-sAML1,unassigned
TCCCATGAGCTGGAGT-sAML1,5
TGGGAGAGTGATCGTT-sAML1,7
GATGTTGTCTGAATCG-sAML1,5
ATTCCTACATCACGGC-sAML1,1
CCTCCAAAGATTAGAC-sAML1,5
GGTAACTAGAGCCGTA-sAML1,1
TGTGATGGTTCTCTCG-sAML1,6
ACTTATCAGCTGAGCA-sAML1,4
GTAATGCGTCCCGTGA-sAML1,5
GAGTCATCATGGGCAA-sAML1,0
TATCAGGCACGAAAGC-sAML1,7
CTTACCGGTTGGGCCT-sAML1,4
TGTTGGACACAAATAG-sAML1,0
TGCGACGCAGATTTCG-sAML1,0
GATAGCTGTAACAAGT-sAML1,6
GGGATGACATCTTCGC-sAML1,unassigned
ATCCCTGGTAAGTCAA-sAML1,unassigned
TCCGTGTTCGGACGTC-sAML1,0
TTTATGCAGATTTGCC-sAML1,unassigned
ATTGGGTCAGTCAACT-sAML1,5
TACTTGTCAATCACGT-sAML1,4
TACCCGTGTTATCCAG-sAML1,6
ACTTCCGCACGTAACT-sAML1,0
AGGATCTGTGGCAGAT-sAML1,4
AAGCCATCATCGTCCT-sAML1,4
AACCATGAGGCCTGCT-sAML1,1
GTCAGCGAGGCCGCTT-sAML1,2
GGGATCCGTGAATATG-sAML1,5
ACTATGGAGATGCTGG-sAML1,6
CACTGTCGTCAGCGTC-sAML1,4
AAGCGAGGTTGGGAAC-sAML1,2
TTGTTGTGTTCTGACA-sAML1,0
CCCGAAGAGGATTCCT-sAML1,5
TCAGCCTGTATATGGA-sAML1,2
TGAGGAGCATACAGCT-sAML1,1
GCTCAAATCACCATGA-sAML1,7
GGTGATTAGGTGAGAA-sAML1,1
TGATGGTCAGGTCCCA-sAML1,2
GAGACCCTCATCACTT-sAML1,5
GTCAAGTTCATTACGG-sAML1,5
GATGACTGTTTCCATT-sAML1,1
GATGTTGCAGGGAGAG-sAML1,0
ACATCGAAGCGCCTTG-sAML1,6
AGAAGCGGTGACTCGC-sAML1,unassigned
CATACAGCAAAGGGTC-sAML1,7
CATAGACAGGTTAGTA-sAML1,unassigned
GCATGATAGCGGGTTA-sAML1,2
ACAGCCGCAACCAACT-sAML1,2
GCTTTCGTCGTTGTTT-sAML1,5
TCCGGGACAATCGCGC-sAML1,4
TGGTTAGAGGAGTATT-sAML1,2
TCATTGTTCAAGCCTA-sAML1,4
ATACTTCAGCAATTCC-sAML1,1
TGTGGCGAGGCCGCTT-sAML1,4
AAAGTGAAGCGAATGC-sAML1,unassigned
TGGTGATGTGCCCTTT-sAML1,0
TGTCCCACACTTGGCG-sAML1,7
AACCCAATCCATTCAT-sAML1,2
TCTATCAGTAATGCTC-sAML1,5
TGAGGTTCAATCCAGT-sAML1,1
ATCTCTAGTGCACGCT-sAML1,4
GTGAGCCCACACACTA-sAML1,1
TAAGCCAGTGGGACAT-sAML1,unassigned
TCAGTCCGTTCAGTAC-sAML1,6
TCTAACTAGAAACTGT-sAML1,unassigned
TCGTAGAAGTCAACAA-sAML1,2
TCCTTTCTCTCTTCAA-sAML1,7
CTACATTTCGCCAACG-sAML1,7
AATCACGGTCAATCTG-sAML1,unassigned
ATCCTATAGTAAGAGG-sAML1,3
ACGGAAGAGCACAAAT-sAML1,unassigned
CATTGAGTCCTACCGT-sAML1,7
CTTCAATCATCGCTGG-sAML1,6
AGCCAGCGTTCAGTAC-sAML1,4
TGTACAGTCACTGGTA-sAML1,0
TCCTTTCTCTACGCAA-sAML1,1
ATGCCTCGTTCTCTCG-sAML1,7
AAAGTGATCTCAATCT-sAML1,unassigned
GTGAGTTGTACCTGTA-sAML1,4
AACAAGAGTGTATACC-sAML1,5
ACAACCAGTAGTAAGT-sAML1,7
CTACAGAGTACGGCAA-sAML1,0
TATTCCACAGGATCTT-sAML1,unassigned
AATCGACCAGCTGTGC-sAML1,5
GTGGAAGGTGGATGAC-sAML1,4
TTGCGTCAGCATTGAA-sAML1,5
CAACCAAAGTTTCAGC-sAML1,unassigned
ACCAACAGTCGAGATG-sAML1,unassigned
CTGTAGATCGTTCTCG-sAML1,unassigned
GGTAGAGTCCTACCAC-sAML1,unassigned
CTTTCAATCCCAGGAC-sAML1,1
ATCACTTTCAAGGTGG-sAML1,4
AATGAAGAGGTACATA-sAML1,unassigned
CTAACCCCACTGGCGT-sAML1,1
AGGATCTTCAGGACGA-sAML1,4
GTAGAGGCATTGTGCA-sAML1,8
AGGAGGTCATGCCGGT-sAML1,5
CCCATTGGTTATCTGG-sAML1,3
GGGTATTTCTAGCCAA-sAML1,7
GTGACGCCACTAGTAC-sAML1,unassigned
GACCCTTTCTATTTCG-sAML1,7
TGGAACTGTAGTCTGT-sAML1,unassigned
ATTGGGTCATGCCGAC-sAML1,6
CGGCAGTTCTCATTGT-sAML1,6
TCCGTGTCAGCAGTTT-sAML1,0
CTCCCTCGTTCCGCTT-sAML1,4
GGAATGGAGGAACGAA-sAML1,7
TCATGCCGTGCATGAG-sAML1,7
TTTACCAAGAAGCGCT-sAML1,7
TTGTTCACAATCTCGA-sAML1,2
CCTTTGGGTTCGAACT-sAML1,unassigned
ACTTAGGCACTCCTTG-sAML1,unassigned
GAGACTTCAGATCCTA-sAML1,2
ACTTCCGAGGTTGGTG-sAML1,7
TTTGGAGGTCCACATA-sAML1,1
ATTCTTGGTGCTTATG-sAML1,7
GCTACAAGTGTGAGCA-sAML1,1
AGGACGATCTCGCTTG-sAML1,5
AGGGCTCTCGCATTGA-sAML1,7
CTCTCGAAGGATACGC-sAML1,5
ATCCCTGTCTCAACGA-sAML1,7
GATTGGTAGGCTAACG-sAML1,unassigned
CACTAAGTCTGTGCAA-sAML1,1
GCAACATAGGAGGGTG-sAML1,4
ATGGGTTGTTGAGAGC-sAML1,7
ACGTAGTGTATACGGG-sAML1,7
AGGGCCTGTGGACCAA-sAML1,5
CCGTAGGGTTCATCTT-sAML1,4
AAAGGATGTACTGAGG-sAML1,2
AATGGCTTCTACCTTA-sAML1,7
CGGGTCAGTGTGAATA-sAML1,0
TCATACTCATTGAAAG-sAML1,6
GTTTGGACACGTAACT-sAML1,7
GGCACGTTCCAAAGGG-sAML1,7
GAAGTAATCAGGTAAA-sAML1,0
TCCAGAAAGCATACTC-sAML1,1
AAAGAACGTTAACCTG-sAML1,6
CACTGTCAGGGATGTC-sAML1,7
GTTACAGGTGGTATGG-sAML1,4
TGGTGATTCAGACAAA-sAML1,4
TGTTACTCAACCGTGC-sAML1,4
GCACATATCTCAGGCG-sAML1,2
AAAGGGCCATGGCGCT-sAML1,7
GTTGCGGTCCATAGAC-sAML1,7
GTCCACTAGCCGTTGC-sAML1,4
GACTATGTCGTTGTGA-sAML1,unassigned
TGTCCTGCAGATCCTA-sAML1,5
AGAACCTAGACTGAGC-sAML1,unassigned
GATGATCAGGTTTGAA-sAML1,unassigned
ATTCCATGTCCATAGT-sAML1,6
AAGTCGTGTGGTACAG-sAML1,6
AGCGTATTCCCTCTTT-sAML1,unassigned
GCGAGAAAGGCGTTGA-sAML1,unassigned
CAACAACGTCAAGTTC-sAML1,7
CGCATAAAGCAAATGT-sAML1,1
GGTTAACCATCGCTAA-sAML1,6
TGGGCGTGTTGTGGAG-sAML1,2
AACAAAGAGTTTGGCT-sAML1,2
TAGGTACAGAAGGTAG-sAML1,0
TGGCGTGAGCATACTC-sAML1,0
TCATTACAGGAAGTGA-sAML1,unassigned
GTTACAGGTTGACGGA-sAML1,5
CAGGTATAGCGTTCAT-sAML1,7
GAAGTAACAGTGCGCT-sAML1,2
GTAAGTCAGTAGACAT-sAML1,5
TCATCATTCACACGAT-sAML1,unassigned
GTGGAGACAGAGGGTT-sAML1,0
TTTACCATCCGATGTA-sAML1,2
TACCGGGGTAACTGCT-sAML1,4
GGTAATCCAGTACTAC-sAML1,2
TCCAGAAGTGTGAGCA-sAML1,unassigned
AGATAGATCGTTACCC-sAML1,7
TGAGGTTGTGTGTGGA-sAML1,1
TGATTTCAGGTTAAAC-sAML1,1
GGGACTCCATCCCGTT-sAML1,6
GATGTTGCACGTCTCT-sAML1,0
GAAGAATTCGGAAACG-sAML1,4
AGCCAGCTCGGAGTGA-sAML1,6
CTGTGGGCACGCAGTC-sAML1,5
TTGGGATAGAGAGCAA-sAML1,5
TCCACGTGTGCGTTTA-sAML1,2
GAGGCAAAGGCATGCA-sAML1,1
TTACAGGAGAAACCCG-sAML1,2
AGCGTATTCTGTAACG-sAML1,5
ATTCATCGTACCCAGC-sAML1,unassigned
TACCGAAGTGTAGGAC-sAML1,5
TATCTGTAGTGGTGAC-sAML1,7
GTGTGATCAACCTATG-sAML1,5
TATCGCCTCAAGCTTG-sAML1,5
CAGTTCCGTCAAAGTA-sAML1,0
AAAGGATGTGGATACG-sAML1,unassigned
CCCTCTCGTTCAAGTC-sAML1,1
CTCCTTTAGCGCCGTT-sAML1,0
TTACCATTCATGGATC-sAML1,5
TGGAGGACATGGGAAC-sAML1,unassigned
TGATTCTGTCACTTAG-sAML1,5
GATCACAAGCTGCCTG-sAML1,7
CGGGTCATCCCAGCGA-sAML1,0
AGTTCCCAGTGTGTTC-sAML1,7
TTCTAGTAGTTGGGAC-sAML1,0
GTAGCTATCTCGGGAC-sAML1,5
ATCGTAGAGCATGCGA-sAML1,0
CGGACACGTCGTTCAA-sAML1,3
CTGTACCTCAACACCA-sAML1,5
AGCATCAAGCGACTAG-sAML1,2
ATACCGACAGGTCCGT-sAML1,6
TAACTTCGTGAGGCAT-sAML1,6
TAGGAGGAGTTCCTGA-sAML1,6
TCGGTCTCATCTCAAG-sAML1,0
GTCCTCACACATCATG-sAML1,7
GTGTCCTGTCGTTATG-sAML1,unassigned
CCGCAAGTCTCTTCAA-sAML1,4
CTAACTTTCGGCAGTC-sAML1,5
GAAGCGAGTGCGGCTT-sAML1,2
AAGCGTTCACGTTCGG-sAML1,7
ACAAGCTAGTAAGGGA-sAML1,3
GATGCTACAGGAGACT-sAML1,6
TCGTCCAGTACGATGG-sAML1,5
ATTACTCAGTCCGTCG-sAML1,7
AGACAAAAGCCTGTCG-sAML1,1
CCCTTAGGTGTGGACA-sAML1,6
ACGTAACTCCGAGTGC-sAML1,4
AGTAACCTCGAGATGG-sAML1,7
TCTATACCAAAGCTCT-sAML1,2
TAACGACTCATAGGCT-sAML1,5
CCTCAACTCGGTTCAA-sAML1,5
CAGATACCAACAGATA-sAML1,7
TCGCAGGGTCATGGCC-sAML1,0
TACGTCCCAATACCCA-sAML1,unassigned
TGAGACTTCTGCTAGA-sAML1,4
TGCGGGTTCCGACAGC-sAML1,7
GTCGAATAGCCTAACT-sAML1,0
GCAACCGAGACTCATC-sAML1,1
GTCATTTGTAACGTTC-sAML1,1
TTGCCTGGTCCAGGTC-sAML1,6
CAGATTGTCAAAGAAC-sAML1,2
CTCAGAAAGAGAATCT-sAML1,7
TATATCCGTGACAGGT-sAML1,2
AGTGACTCACAGCTGC-sAML1,6
GGGTTATTCCGTGTAA-sAML1,unassigned
CTTCCTTGTGGATCGA-sAML1,unassigned
CATTTCAAGTATGACA-sAML1,5
CAATACGGTTGGTACT-sAML1,unassigned
ATGCATGAGCTGTCCG-sAML1,5
GTTGTCCCAATCTCTT-sAML1,2
GGGAGATCAGAACTTC-sAML1,4
TGTTTGTGTGGAAATT-sAML1,7
GCGTGCATCTCGTTTA-sAML1,unassigned
TGTAGACCATATAGCC-sAML1,0
TTACTGTAGCACCTGC-sAML1,1
CATTCATGTTATCTGG-sAML1,2
AGGGTCCGTAACCCTA-sAML1,6
GACCGTGGTCCGTTTC-sAML1,7
ATTCCCGGTGGTCTTA-sAML1,unassigned
CATACTTGTCAACCTA-sAML1,7
TGCAGATTCGACCACG-sAML1,5
TCGTCCATCAAGGAGC-sAML1,unassigned
GGGTGTCTCTCCGATC-sAML1,5
GAGGGATGTCCTGTTC-sAML1,4
CGGAGAACACAAATAG-sAML1,unassigned
CTCCACAGTGCATGAG-sAML1,unassigned
GGTTCTCCACTGAGTT-sAML1,unassigned
AGACTCATCCGTAGTA-sAML1,5
CAACGGCAGGTGATCG-sAML1,4
TGTTGAGGTAGTATAG-sAML1,5
TACTTCAGTAGCGCTC-sAML1,7
TTCCACGCATCTCAAG-sAML1,unassigned
AACAACCGTCTCGCGA-sAML1,5
TGTTCCGCAGCCGTTG-sAML1,7
CCGTGAGAGGATTTCC-sAML1,0
CTCCCTCAGAATCGCG-sAML1,0
AGCGCCACATTGAAAG-sAML1,2
GACCGTGTCCCACAGG-sAML1,0
CTCATCGTCCTCACGT-sAML1,7
TGTACAGGTCACCCTT-sAML1,2
GTGATGTGTACAGTTC-sAML1,2
GCACGGTTCTCGTCAC-sAML1,1
TACGGTATCTCCTGTG-sAML1,unassigned
GATGTTGTCGACTCCT-sAML1,4
GGGTATTAGTTCTACG-sAML1,1
TTCTTGAGTCTGGTTA-sAML1,1
GATCCCTGTGTCGCTG-sAML1,7
CACGAATAGTTGAAAC-sAML1,1
AGGCCACGTAGGATAT-sAML1,2
GTGAGGACAGTGAGCA-sAML1,2
GTTACGAAGGATATGT-sAML1,0
CTGAGCGCACGCGCAT-sAML1,1
GCTGCAGCAGACATCT-sAML1,unassigned
ATGGGAGTCCTAGCTC-sAML1,5
GTGGTTACAAAGGAGA-sAML1,5
TCCACGTTCGTTACCC-sAML1,5
ATGGATCAGAATTGTG-sAML1,2
AAACCCAGTTGACGGA-sAML1,unassigned
TGTTCATGTCGTGGTC-sAML1,5
CTCAAGATCAGCATTG-sAML1,3
TACGTCCGTAAGTAGT-sAML1,0
TGTTCTAGTTGCATCA-sAML1,1
TTTGGTTAGTTGCTCA-sAML1,5
CAAGCTATCAAGGACG-sAML1,1
ATTGTTCAGCAACAAT-sAML1,unassigned
TCGACCTTCGTGGCGT-sAML1,4
AGATCGTTCTTCCACG-sAML1,5
GTTCTATGTGTTAACC-sAML1,7
CCGGGTAAGTTACTCG-sAML1,unassigned
AGAACCTCACCCTAGG-sAML1,unassigned
CATACAGTCAGCGCAC-sAML1,1
GACCCTTTCACCCATC-sAML1,4
CAGATACAGTCTGGTT-sAML1,4
CTCATGCGTGTCCGTG-sAML1,3
CTGCGAGGTGGACCAA-sAML1,2
AGCTCAATCCCTTCCC-sAML1,1
TTTCATGGTGAGTCAG-sAML1,6
GCGATCGGTCGCCACA-sAML1,5
TCCTCTTGTGTCATCA-sAML1,0
CGTAATGTCACAAGAA-sAML1,7
GTGATGTCAACGAGGT-sAML1,4
GATTCGAGTGCAGTGA-sAML1,0
CTCGAGGCAAACTCGT-sAML1,3
TACGTCCGTAGATTGA-sAML1,4
GATTCTTCATCATCCC-sAML1,2
ATTTCACGTCAAAGAT-sAML1,2
ATTGTTCAGAGCGACT-sAML1,7
AGAGAGCCACATAACC-sAML1,2
TGTGGCGAGCTACGTT-sAML1,7
CAGGTATCACACGTGC-sAML1,7
AGGACGAAGATCCCGC-sAML1,unassigned
GCTGAATTCGTGGAAG-sAML1,5
ATTCCATGTTCGAAGG-sAML1,5
AGGACGATCATCGGGC-sAML1,unassigned
GCTCAAAGTGGCTTGC-sAML1,1
CTGTATTCAGGCGATA-sAML1,1
CTTACCGGTCTACGTA-sAML1,0
TTCTTCCGTGGAGAAA-sAML1,0
GAGACTTTCACGAGGA-sAML1,7
AGGGTTTTCGCGAAGA-sAML1,unassigned
CAGCGTGTCTCCCTAG-sAML1,unassigned
CGGTCAGGTTCTCCCA-sAML1,unassigned
GACACGCCACTATGTG-sAML1,unassigned
GGGCCATTCTGGACCG-sAML1,5
CGCATAAGTAGTCACT-sAML1,7
CAACAACAGTCATACC-sAML1,0
GGGAGATTCTACAGGT-sAML1,unassigned
TACAACGAGGTGTGAC-sAML1,unassigned
GGAGAACTCGATACGT-sAML1,6
CATACCCAGGAGAGTA-sAML1,7
CACTGGGGTTTCGTGA-sAML1,6
GTGTGATGTACGACAG-sAML1,1
CACTGTCAGCCTCGTG-sAML1,4
TCTAACTTCTGAGGCC-sAML1,0
GTTGCTCTCCATCTCG-sAML1,4
TCACATTGTTCCACGG-sAML1,5
TCCCACACACGTCGGT-sAML1,4
AATGGCTTCTATCGTT-sAML1,6
ACGCACGGTTTGATCG-sAML1,0
ACTCCCAAGTTCAACC-sAML1,3
TCCTTCTTCTGAGTCA-sAML1,2
AGGAATATCGGAGATG-sAML1,2
TAGGTTGTCTCGGGAC-sAML1,7
CTGCAGGAGTCATCGT-sAML1,2
AATTTCCGTGGGACAT-sAML1,4
CGTAATGAGTTGTCGT-sAML1,4
ACCGTTCAGGTAGCCA-sAML1,5
TTGTTGTGTATCGCGC-sAML1,unassigned
CGTCCATCATAACAGA-sAML1,4
TCAGGGCGTCAATGGG-sAML1,1
TTGCGTCTCACCGGGT-sAML1,6
AGCCAGCGTTACCTTT-sAML1,3
AGGTCTAAGTCACGCC-sAML1,2
CCGATCTCAAGTCCCG-sAML1,0
TCAAGCATCTACTTCA-sAML1,unassigned
GCCCGAAGTATTCCGA-sAML1,5
TGTAACGTCTTCGTGC-sAML1,1
GGGACAAAGGTTCCGC-sAML1,1
ATATCCTCAGACAAAT-sAML1,1
GAGTGTTTCCACCTGT-sAML1,4
TTCGATTGTAGGCAAC-sAML1,6
CCGGACATCGTTCCTG-sAML1,0
CCGTTCAGTGTCCTAA-sAML1,8
CTTCAATAGGTACAGC-sAML1,5
TCCTCTTCACGGTGCT-sAML1,6
GGATGTTCACAGCATT-sAML1,0
ACAAGCTAGAAGAGCA-sAML1,unassigned
TAACACGTCAGGACGA-sAML1,2
TCAGCCTTCTTCGCTG-sAML1,5
TCGGGCACACCAGTTA-sAML1,4
CTTCCGAGTCCACATA-sAML1,0
ATTCATCAGGCATCTT-sAML1,5
GAGACCCTCTATGCCC-sAML1,4
GGGTATTAGAGGTCAC-sAML1,2
CCCAACTCAGGTACGA-sAML1,1
CGGCAGTCAGGTGACA-sAML1,5
CATTTCAGTCGACGCT-sAML1,0
GCACTAACACAAGCAG-sAML1,2
GGAGGATCATAGAGGC-sAML1,5
GGGTAGAAGAGTGACC-sAML1,7
TGAGGAGTCACGGAGA-sAML1,0
TTGCCTGTCTGCGGCA-sAML1,unassigned
AGGATAATCTACACTT-sAML1,0
AGACTCAGTTTAGTCG-sAML1,2
CAATCGATCCGGACGT-sAML1,1
ACCATTTCAGGCATGA-sAML1,5
GTCGCGATCTCTGCCA-sAML1,2
AAAGGATTCCCGAAAT-sAML1,2
CAAAGAACAATCCAGT-sAML1,1
TTCCTTCCAACCGACC-sAML1,5
ACACCAATCAGCTCTC-sAML1,7
GTGCTTCAGGCAATGC-sAML1,0
CCTCAGTAGGTGCGAT-sAML1,1
TTCGATTAGTCTTGGT-sAML1,2
GTGGAAGGTGTTTACG-sAML1,unassigned
AATGAAGAGACATCAA-sAML1,2
TTGATGGAGAGGATCC-sAML1,1
CGGGACTTCGACCTAA-sAML1,unassigned
AACGAAATCTGTGCGG-sAML1,4
CATCCCACATCTAGAC-sAML1,4
CTCCATGCACCATAAC-sAML1,1
AGCTTCCCAACGAGGT-sAML1,2
GTTGCGGTCGTGTGGC-sAML1,2
AGGCTGCCATTCACCC-sAML1,4
GAGGCCTGTTGGGTAG-sAML1,5
CCACGAGCAATTGCGT-sAML1,0
TCCGATCGTTAGCTAC-sAML1,5
GATGCTATCGAGCACC-sAML1,6
AGGGTCCTCACTCCGT-sAML1,7
TTTCGATCATGGGTTT-sAML1,1
ACTTAGGAGTTCCATG-sAML1,0
TTCGCTGCACCTCTAC-sAML1,5
GTGGAGAAGTATTAGG-sAML1,7
GATTGGTGTGTGCCTG-sAML1,2
GCGAGAAGTCATCCCT-sAML1,5
CACGGGTTCATCTGTT-sAML1,5
CGACAGCAGGAAAGTG-sAML1,2
AGCCAGCGTCCCGCAA-sAML1,1
TGAGTCACAGGCACTC-sAML1,6
TCGGGTGTCTGCGAGC-sAML1,7
ATTCACTAGGAGGCAG-sAML1,2
TCAAGCAGTCCCAAAT-sAML1,6
ATATCCTCACGTGTGC-sAML1,6
CCACTTGAGGTGATCG-sAML1,4
CGCATGGAGGTCTTTG-sAML1,0
ACTATCTCAGCGTAGA-sAML1,unassigned
TGCCGAGTCGTGTGGC-sAML1,2
GGAGGTAAGCATTGTC-sAML1,0
TCGCAGGGTGTAGCAG-sAML1,0
TTCTCTCCAAATGATG-sAML1,3
GTGGTTACAGCCCACA-sAML1,7
GCCTGTTAGTAATCCC-sAML1,5
AATCACGGTTCGAAGG-sAML1,0
AACACACTCATATGGC-sAML1,4
GGGTGTCTCCGTGGTG-sAML1,5
CAGATTGGTTCGGCGT-sAML1,1
AAACGAATCTGGGCAC-sAML1,4
TCATACTGTACAATAG-sAML1,1
ACAAAGAGTGAGTAAT-sAML1,2
GGAGATGGTGAGTAGC-sAML1,unassigned
TACATTCTCAAAGGAT-sAML1,7
TCATGAGCATCGTTCC-sAML1,unassigned
GGCACGTCAAGTGCAG-sAML1,7
GAGCCTGTCCCGTAAA-sAML1,5
ATTCTTGTCGCGAAGA-sAML1,5
CCCTTAGTCTAAACGC-sAML1,0
CTCCATGAGAGTCGAC-sAML1,0
GTGGAGAAGATTAGCA-sAML1,5
AGAAATGGTGGAACCA-sAML1,7
AGTACTGTCACGATAC-sAML1,5
CATTCCGAGTTTGGCT-sAML1,5
AATCGTGGTTGCCAAT-sAML1,4
CGCCATTGTGCAACAG-sAML1,1
CTACCCACAATCTCGA-sAML1,unassigned
GATCCCTAGACTGAGC-sAML1,2
GACGTTACAATCTGCA-sAML1,7
TCAATCTTCGTCTCAC-sAML1,8
ATCCTATGTTGCATTG-sAML1,7
ACCTGAAGTAACATGA-sAML1,0
CTTCCTTAGGTTGTTC-sAML1,0
TTGGATGCACAGTCGC-sAML1,5
GCGTTTCAGCCGCTTG-sAML1,7
AGCCAGCAGGCTTCCG-sAML1,6
CAACCTCGTGGCGCTT-sAML1,7
CTTTCGGGTCTACTGA-sAML1,0
GATTGGTAGACCACGA-sAML1,3
CGTAAGTTCGCTTGCT-sAML1,0
GGGTCTGAGGGTCACA-sAML1,7
CACTTCGTCGAGGCAA-sAML1,unassigned
TCCATCGGTGACACGA-sAML1,6
CTGTAGACACATAGCT-sAML1,2
TGCAGATGTGGTAATA-sAML1,5
GTTCTATGTTGCAACT-sAML1,5
AACGGGACACTCCGAG-sAML1,1
GTGGAGAAGATTAGTG-sAML1,4
TAGGTACAGCTGCGAA-sAML1,6
ATTTACCAGAGGGTCT-sAML1,1
CCGGGTATCGCGTAGC-sAML1,3
TCCTTCTGTGATTAGA-sAML1,6
CTCCTCCGTCGATTTG-sAML1,7
TCACGGGGTGGGCTTC-sAML1,4
CCGTTCAGTTCATCGA-sAML1,unassigned
CAGCGTGTCACGAACT-sAML1,4
ATGTCTTAGACAACAT-sAML1,4
GTCTGTCAGGGAGATA-sAML1,0
AAAGGATTCACCATCC-sAML1,1
GGTGAAGAGGCGAACT-sAML1,2
GTGAGGAAGCTAGCCC-sAML1,2
CATGCCTCAGTTGGTT-sAML1,0
GAAGCGAAGCTATCCA-sAML1,unassigned
CGTCAAAGTCTAATCG-sAML1,6
TTGCCTGGTGATACCT-sAML1,0
GAGAAATCACCAGCGT-sAML1,2
AGAGCCCTCCCTCTCC-sAML1,0
AAGTACCTCGAGCACC-sAML1,5
ATCACTTGTGAACGGT-sAML1,unassigned
GGTTAACAGACCTCAT-sAML1,4
CAAGAGGAGAAGGTAG-sAML1,7
CGTCAAATCTATGTGG-sAML1,5
TTTGTTGAGGCAGTCA-sAML1,0
CTTCCTTAGGATTTCC-sAML1,1
GAGCTGCAGTTCATCG-sAML1,7
GAGAAATCAATCCAGT-sAML1,2
GTCTCACGTATTAAGG-sAML1,unassigned
CGTGAATAGTCCGCCA-sAML1,1
CCACGAGGTCCACGCA-sAML1,4
AAAGGTACACGGTGTC-sAML1,0
ACCTGAACAACACAAA-sAML1,unassigned
TCAGTTTCAGAGGCAT-sAML1,2
AGGGCTCCAAACTCTG-sAML1,2
TTCCACGCAACACAGG-sAML1,2
CATGGTACATTGCAAC-sAML1,1
TTCTTCCTCTTTCGAT-sAML1,unassigned
TTTGTTGCAACTAGAA-sAML1,unassigned
GTGCACGAGTGTTGAA-sAML1,2
AAGACTCTCAGAGCAG-sAML1,1
GTCGTTCGTCGTATTG-sAML1,7
TGTCCCAAGCGCACAA-sAML1,7
CAGGTATAGGTGCCAA-sAML1,unassigned
ACTTATCTCGTTATCT-sAML1,1
TCTGTCGGTCATAACC-sAML1,unassigned
GGGAGATCAGAGCTAG-sAML1,5
GTTTACTGTGTTCCTC-sAML1,0
GAGTCTACATCATGAC-sAML1,0
TAGGTTGTCTCCATAT-sAML1,5
AGAGCAGGTTTCACTT-sAML1,0
GGAATCTAGCGATCGA-sAML1,5
GATCGTACAATGCAAA-sAML1,5
AATGCCATCGCCCAGA-sAML1,7
GCATGATGTTGGTACT-sAML1,7
CAGCCAGCAAGTGACG-sAML1,1
GCTTTCGCACATAGCT-sAML1,0
AGGCATTTCGCTTGCT-sAML1,2
CCAAGCGTCGCTCCTA-sAML1,2
CTGAATGGTTTCACAG-sAML1,2
ACGTCCTAGTGGCGAT-sAML1,unassigned
CTCAACCTCCCATTCG-sAML1,unassigned
TTCTGTATCGGTAACT-sAML1,unassigned
CTTTCAAAGGGTATAT-sAML1,5
ACAGGGATCATGAAAG-sAML1,5
ACGTAGTCAAAGCGTG-sAML1,5
CTTTCAAGTAGATCGG-sAML1,2
CTCCCTCCACATGTTG-sAML1,unassigned
GAGTGTTGTCGAACAG-sAML1,1
ACGATGTAGGGCCCTT-sAML1,7
CTTTCGGTCCAAAGGG-sAML1,3
GACCCAGAGTGGTGAC-sAML1,1
TGGTGATTCCATTCGC-sAML1,7
GAACACTTCCATACTT-sAML1,unassigned
GTTAGACTCACCCTTG-sAML1,7
TTTGTTGCAAAGCAAT-sAML1,0
GGGTGAAGTGCCTAAT-sAML1,7
GTGTTAGAGTGCGCTC-sAML1,2
CAAGAGGGTACTGGGA-sAML1,2
TCTGCCAGTCTGATCA-sAML1,5
GTCTACCTCTCTCTTC-sAML1,7
CGGAACCTCCGTAGGC-sAML1,5
CAATACGGTAGGACTG-sAML1,unassigned
GGACGTCAGGTTATAG-sAML1,unassigned
TCAGTCCTCATGAAAG-sAML1,unassigned
TCCTTTCAGGCTCTAT-sAML1,0
ATTCCATGTTCCGGTG-sAML1,1
CCATAAGCAATGGCAG-sAML1,2
AGATAGATCTACTGCC-sAML1,2
GTTCATTAGATTAGAC-sAML1,7
AGGTAGGTCCTACAAG-sAML1,2
GGGTAGAGTACGAGTG-sAML1,7
CGCATGGGTAGGAGGG-sAML1,0
CTGGTCTGTTCGGCTG-sAML1,unassigned
TCGAACACATGCACTA-sAML1,4
ATTGGGTAGGTAGACC-sAML1,5
CACAACAAGTGCGACA-sAML1,2
AAGCATCTCTTCGTAT-sAML1,1
TGACTCCTCGGTTAGT-sAML1,7
TGTCCTGGTAACGCGA-sAML1,7
TTCACCGTCGGTAACT-sAML1,0
TCATATCCACAACATC-sAML1,0
TCCACGTAGCTCGGCT-sAML1,4
AATCGTGTCGAAGCAG-sAML1,4
TGACTCCGTAACCCTA-sAML1,5
TTGTGGACATCGCTGG-sAML1,0
TTTATGCCAACCGTGC-sAML1,5
CATTGTTGTCAGTCGC-sAML1,5
CTATAGGGTTACGCCG-sAML1,6
CTCCAACAGTCCTGTA-sAML1,unassigned
TTCCACGTCGCCCAGA-sAML1,4
GGTGTCGCAGCCCACA-sAML1,4
ACGATCACACATGTTG-sAML1,0
GTTGAACTCTCGCCTA-sAML1,2
GGGTAGAAGTCTGCGC-sAML1,5
AACACACTCGACGAGA-sAML1,unassigned
CGAATTGGTCTTGTCC-sAML1,unassigned
GTTGTAGAGACACACG-sAML1,unassigned
TCATGTTGTGTCCGGT-sAML1,6
CACTGTCTCCATCTCG-sAML1,unassigned
ACATGCAGTTGGGATG-sAML1,5
GTTCCGTTCTGCTTAT-sAML1,0
CGCAGGTCATAACCCA-sAML1,5
TACTTCACAGGAATAT-sAML1,7
CTTAGGAGTACCGGAA-sAML1,4
CATTGTTCAACGCATT-sAML1,unassigned
GGTTCTCGTCTCCCTA-sAML1,7
TGTTACTAGACGACTG-sAML1,0
ATTACTCGTGACGTCC-sAML1,6
ACAGGGAGTAGTTCCA-sAML1,1
TTGTTGTTCGTGTGAT-sAML1,7
AGCGATTTCCTTCAGC-sAML1,7
GAAGCCCGTAACACGG-sAML1,2
GCGAGAACAGCTACAT-sAML1,2
CGCAGGTGTCTGTCAA-sAML1,unassigned
AGCCACGCAAGTGGAC-sAML1,unassigned
CCTCCTCGTCAACCTA-sAML1,unassigned
GTGGAAGGTACTCCGG-sAML1,2
ACACAGTCATGACCCG-sAML1,4
GTCCCATTCCCAAGCG-sAML1,4
CTCTCAGTCAACACGT-sAML1,unassigned
TTATTGCCATCGGTTA-sAML1,4
CTAAGTGAGAAGTATC-sAML1,5
GGGTTTAGTCCAGCAC-sAML1,2
AATGAAGCATTGAGCT-sAML1,2
ACCGTTCAGCCTGTGC-sAML1,5
CTGTGAACATCGTCCT-sAML1,5
TCAAGTGGTGACGTCC-sAML1,5
ACGCACGCAAGCGCAA-sAML1,0
CTCCTTTTCCATTGCC-sAML1,4
CATAGACCACCGCTAG-sAML1,6
AAGGAATCAAAGGATT-sAML1,5
CTGCCTATCGTTCTCG-sAML1,1
GAGTTGTTCAATCCAG-sAML1,0
ATCCGTCCAGCAATTC-sAML1,4
TTTAGTCCACGGCCAT-sAML1,unassigned
AAACGCTCAGGTTCAT-sAML1,7
TCGTAGAAGTGAATAC-sAML1,0
CCCTGATGTTAGCGGA-sAML1,0
GTAAGTCGTCGTATGT-sAML1,unassigned
CCCTAACGTATGGTAA-sAML1,7
TAAGTCGCAACTAGAA-sAML1,5
TAGCACAGTTCTGAGT-sAML1,4
CATAAGCTCGAAGGAC-sAML1,2
CATGCTCTCAAGTTGC-sAML1,6
GCGTTTCTCTCAGTCC-sAML1,0
GAGTTACTCTTACGGA-sAML1,6
CATGCGGCAGTTAAAG-sAML1,7
CGAATTGTCACTACGA-sAML1,7
TACCGAAGTTCAACGT-sAML1,5
ATTCGTTGTAGGACTG-sAML1,7
CTCAGAAAGCACCAGA-sAML1,0
CATTCATGTTGTACGT-sAML1,1
ACATTTCTCGCCTTTG-sAML1,7
CTGTACCAGATTAGAC-sAML1,5
TGTAGACTCTCCCATG-sAML1,unassigned
GTCAAACTCCTAACAG-sAML1,2
TATATCCTCGCCTTTG-sAML1,5
TCGACGGGTCACTCAA-sAML1,unassigned
GTCATCCGTACAAACA-sAML1,6
GCTTGGGCAGAAGTGC-sAML1,6
ATTCGTTGTACTAGCT-sAML1,7
TCCTCCCTCTGTAAGC-sAML1,7
GGTTCTCCACTAACCA-sAML1,7
TTCCGGTTCCTGGCTT-sAML1,0
CATCGCTCATGTGGCC-sAML1,7
CATACAGGTTCGGACC-sAML1,3
TTCACGCCAAATGATG-sAML1,6
TCAGGGCCAAATGCGG-sAML1,7
CCTCAACTCAATCTTC-sAML1,1
AGCTACACATCCAACA-sAML1,5
TCATACTAGGTTCACT-sAML1,4
GCACGTGGTATTCCTT-sAML1,7
TGAGGTTGTGCATGTT-sAML1,5
TGTGCGGGTCCGAAAG-sAML1,7
CAGCAGCAGGGATCAC-sAML1,0
GAGTCATGTAGCCAGA-sAML1,unassigned
TCATTACCACTGGCGT-sAML1,0
GCTTTCGCAAACGGCA-sAML1,2
CGGGTCATCCCGAAAT-sAML1,5
TTTCATGCAGTGACCC-sAML1,5
GTTAGACCAGTTCTAG-sAML1,7
GCCGATGGTACGATCT-sAML1,4
TCTATACTCTCAGAAC-sAML1,1
GATGACTAGACAACAT-sAML1,2
TGCATCCGTTCTATCT-sAML1,unassigned
TGCATCCTCACGATCA-sAML1,6
GTATTTCGTCATAACC-sAML1,0
TGTAACGGTAGATTGA-sAML1,7
GGGAGATTCAAAGGTA-sAML1,1
ACTACGACATCCAACA-sAML1,6
TGTAGACAGCTCACTA-sAML1,5
TGCTCGTGTGCACAAG-sAML1,2
TCTGCCAAGTCTCTGA-sAML1,2
CTCCTCCAGATGCAGC-sAML1,7
GGTGAAGAGAGGCCAT-sAML1,unassigned
TCGAAGTGTTGTGTTG-sAML1,2
GTAGGTTTCGTGCATA-sAML1,unassigned
TCTAACTTCGTCTCAC-sAML1,0
TTTCGATAGCTTAGTC-sAML1,6
CAACGATGTCCGCAGT-sAML1,unassigned
GGAGAACTCCGACGGT-sAML1,2
TGAGACTCAAGCGGAT-sAML1,0
GAACGTTAGATGTAGT-sAML1,2
TTAATCCCATCTCAAG-sAML1,5
ATGCGATTCGTTCTAT-sAML1,4
TCATGAGTCGTCGATA-sAML1,4
AGTCATGGTCCCGCAA-sAML1,unassigned
TTCAATCTCCATTGCC-sAML1,5
CCATCACCACAGCGCT-sAML1,1
CTCTCAGTCTCACGAA-sAML1,7
TCATGTTGTCTTCCGT-sAML1,0
ACGTAGTTCGCTGCGA-sAML1,5
CATGGTAGTTCTCAGA-sAML1,1
CACGTTCGTCGAGTTT-sAML1,2
GAGACTTGTATGGAGC-sAML1,0
TAAGCGTCAATGTTGC-sAML1,5
GAGACTTTCCATCTCG-sAML1,2
CCAAGCGGTCGAATTC-sAML1,3
GGGTATTTCCGACGGT-sAML1,7
TCTCTGGAGTTACGGG-sAML1,2
ACCTACCCAGTCTGGC-sAML1,7
CTCTGGTCAGGATTCT-sAML1,0
AATGAAGTCTTTGGAG-sAML1,7
CCTTCAGGTGCCCTTT-sAML1,4
CACTAAGAGGCTAGCA-sAML1,7
GATCATGAGATCCCGC-sAML1,1
GATGCTAGTATCGAGG-sAML1,4
ATTACTCGTGCCGTTG-sAML1,0
ACGCACGGTGAGTAAT-sAML1,0
AGACAAAAGAATTGTG-sAML1,0
GTTGTGATCATTGTGG-sAML1,7
AGATGCTTCGACATAC-sAML1,5
ACTACGAGTACTAAGA-sAML1,8
CCAAGCGGTGCGAGTA-sAML1,unassigned
AGTAACCGTACGACAG-sAML1,4
CTGCATCTCGCGCTGA-sAML1,5
GCACGGTTCAAGGAGC-sAML1,0
GACTATGTCACGGACC-sAML1,7
TTAGGCACATCAGCAT-sAML1,2
ATGGAGGGTATGAGCG-sAML1,unassigned
CACGTTCGTATGAGCG-sAML1,1
CTCCATGAGATGAAGG-sAML1,4
CAGCACGGTACTCGCG-sAML1,4
GTGCACGTCACGACTA-sAML1,unassigned
CTGTGAAGTAACCCGC-sAML1,7
GTGAGCCCAGTCTTCC-sAML1,5
TTTACGTAGCGTACAG-sAML1,unassigned
GTGACGCAGGCTATCT-sAML1,5
TGAATCGAGTCCGCGT-sAML1,5
CTTCCTTGTCCGTTTC-sAML1,0
ACTGTCCTCTCGCAGG-sAML1,2
GGGAAGTAGACGATAT-sAML1,unassigned
GTCGTTCGTTCAAGGG-sAML1,5
GCTCAAAAGTACAGCG-sAML1,3
CTAACCCTCCTCTTTC-sAML1,2
AGGGTTTCACACACGC-sAML1,5
TTCCTTCAGTGAGGTC-sAML1,4
ATACCGATCTGCTGAA-sAML1,7
CGGACACCACTAGGTT-sAML1,5
GTCTAGAGTTGCATCA-sAML1,2
GCAGCTGTCCTGGTCT-sAML1,5
GTAGCTATCTGCTTTA-sAML1,7
GAGGGTACATTCACAG-sAML1,unassigned
GGCAGTCAGTACAGCG-sAML1,7
TCACGGGCAAGCACAG-sAML1,5
TCACATTAGCTGAAGC-sAML1,1
GCGGAAACACACGGAA-sAML1,6
CATGCGGAGGACAAGA-sAML1,0
ACGTAGTGTCGCCACA-sAML1,1
CTACAGAGTTCTATCT-sAML1,0
GCGGATCAGTCACGAG-sAML1,2
GTAACACCACGCGTGT-sAML1,5
TGGGCTGTCCAGCAAT-sAML1,4
AGTGTTGAGTCGCCAC-sAML1,0
CTCCACATCGCGTCGA-sAML1,5
TTGGGCGAGACTCCGC-sAML1,1
AACGTCAGTCTTACTT-sAML1,0
GTCATTTTCCACGGAC-sAML1,1
TGATCAGAGCGTGCCT-sAML1,1
ACTGTGACAAATGCGG-sAML1,4
TGGAGAGAGACAGTCG-sAML1,unassigned
ACTATTCTCGGCTATA-sAML1,5
TTCCTCTGTAAGGTCG-sAML1,5
GTCACTCCACGGCTAC-sAML1,4
TCTATCAAGATTACCC-sAML1,0
ACCAACAGTCACTGAT-sAML1,5
GAGCTGCCAGGGAGAG-sAML1,5
CATCGGGGTGTTGACT-sAML1,0
TTTGATCCACTTGAAC-sAML1,3
GTTACAGAGACGGATC-sAML1,1
ACCCTCACAGTTTGGT-sAML1,2
GTCTCACTCAGCTTCC-sAML1,1
ACGCACGTCAACACGT-sAML1,unassigned
TACGCTCCACTGCGAC-sAML1,1
GTAGGTTAGTGCCGAA-sAML1,5
ACTTAGGCATCTCCCA-sAML1,1
GGACGTCAGCGACCCT-sAML1,6
GTCAAGTAGCCAAGGT-sAML1,unassigned
CTTTCAATCATTTGGG-sAML1,0
CGGGTGTTCAAGAGTA-sAML1,unassigned
ACGTAACGTACCGTGC-sAML1,6
CCACACTTCCCGTGAG-sAML1,2
GCGGAAACAATGCAGG-sAML1,4
GGAGGTACACACGCCA-sAML1,5
GTGTTCCCAGAGGCAT-sAML1,6
TCCCACAAGATTGTGA-sAML1,5
TCGTGCTTCAACGCTA-sAML1,0
GTAATCGTCAGGTAAA-sAML1,2
TGCATGAAGCTCTATG-sAML1,0
CAAGAGGGTGGGCTCT-sAML1,2
CACAGATGTTTCTATC-sAML1,2
GTGCGTGTCGCCAGTG-sAML1,2
ATGGATCGTAGCACAG-sAML1,7
TGTAGACAGAGGCGGA-sAML1,unassigned
CAACAGTGTGATTCTG-sAML1,5
TCCTTCTAGCTAGTTC-sAML1,4
ACATCCCGTCACGCTG-sAML1,5
TCCTTTCCAGTCAGAG-sAML1,unassigned
TAATTCCCAACAGCTT-sAML1,7
AGATAGAAGTGGATTA-sAML1,2
TGTAAGCCATAGTCAC-sAML1,5
GTGAGGACACAGAGCA-sAML1,2
TCATCCGAGGTTGACG-sAML1,7
TTCATGTTCCTATGGA-sAML1,5
TCCATCGGTGTAAATG-sAML1,5
AACTTCTTCTGGCCGA-sAML1,0
GACGCTGCACGGTCTG-sAML1,unassigned
CCCATTGTCCGGCAGT-sAML1,unassigned
ACCTGAACAAGTCGTT-sAML1,7
ATTCCATTCCGATAAC-sAML1,1
TCGCTTGCAATACAGA-sAML1,2
GTTGTAGTCCCATAGA-sAML1,5
GGAACCCCATACCACA-sAML1,4
GTAGAAACAACCACAT-sAML1,5
TTCCTAAGTCGGTACC-sAML1,7
TCATCATCAAGGTACG-sAML1,6
GATCATGCAATCGCGC-sAML1,unassigned
CCCGAAGTCACAATGC-sAML1,6
GCTGAATGTGTCGCTG-sAML1,7
AGGTAGGTCGATGCTA-sAML1,3
CGAGGAAAGAAACTGT-sAML1,2
TCCTCCCTCGGCTCTT-sAML1,7
ATTACTCCAGACCATT-sAML1,4
TGCAGGCTCCACACAA-sAML1,7
TACGGGCCATGACTCA-sAML1,6
GATGGAGTCGCAGTGC-sAML1,unassigned
AGCGCTGAGGTTGAGC-sAML1,6
CTGCCTAAGGATTTAG-sAML1,6
GATGAGGAGAGAGCAA-sAML1,4
TAGGTTGAGGTAGTAT-sAML1,unassigned
AACCCAAAGCTCGAAG-sAML1,2
ACGGGTCTCCTCTAGC-sAML1,1
CATGGATAGACATAAC-sAML1,unassigned
CTCAGAAAGATGTTAG-sAML1,2
ATCGATGCATTAGGAA-sAML1,0
AACTTCTAGTCACTAC-sAML1,7
GCCGTGAGTGGATTTC-sAML1,7
TCTGCCACATACAGCT-sAML1,5
AGAACCTGTGAGCTCC-sAML1,0
CTCCCAAAGCCTATTG-sAML1,2
CTTCGGTCAAGCTGCC-sAML1,4
GATGAGGCAGGTTCCG-sAML1,unassigned
GGGTTATAGGTATAGT-sAML1,7
GCCCAGACACAGCCAC-sAML1,7
ATGCCTCTCTTACGGA-sAML1,5
CCATCACTCAGCTGAT-sAML1,5
CTCTCGATCGCTATTT-sAML1,0
GCATCGGTCTAACGCA-sAML1,unassigned
GGTTAACTCTTGCAGA-sAML1,7
ACGTCCTTCGCTGTTC-sAML1,2
GGAGGTATCAAATGCC-sAML1,0
AACCTTTTCCTCACTG-sAML1,4
AGTTCGACAAATGGTA-sAML1,5
TGTAACGTCCTGCCAT-sAML1,6
GATCAGTTCCAACCAA-sAML1,1
TTCGATTTCAAGTGTC-sAML1,2
ACATCGATCTGATGGT-sAML1,unassigned
CATCCCATCGAATGCT-sAML1,2
GCTGGGTGTGGTCAAG-sAML1,7
AATAGAGTCCGTGCGA-sAML1,2
CCTCAACAGTGGACTG-sAML1,5
TTTGGTTAGTCATGCT-sAML1,7
ATTTCACGTGGCCACT-sAML1,5
GTCGTTCAGGTAAGTT-sAML1,0
TCATGCCCAACGGCCT-sAML1,7
CAACAGTAGTCCCGGT-sAML1,5
ACGGTTATCGAGAGAC-sAML1,5
GTCGCGATCACTGGGC-sAML1,6
CAATCGACAATTCACG-sAML1,4
TATTGCTCAGCTGTCG-sAML1,7
TCGACCTAGATGAATC-sAML1,1
AGGATCTTCTATCGGA-sAML1,2
AGGGTCCAGGTCGTCC-sAML1,4
AGTCTCCAGCATGATA-sAML1,3
GGTCACGGTCTCTCAC-sAML1,4
GCCAACGTCAGCAGAG-sAML1,1
GTGATGTAGCGTTGTT-sAML1,1
TCGAAGTCATCGGTTA-sAML1,4
ACGCACGCATGTTTGG-sAML1,0
TGCGATATCATTTGCT-sAML1,7
CAGCAATGTATCGTGT-sAML1,1
TGTTGGATCTAGCCAA-sAML1,0
AGCGCTGCAGGGTTGA-sAML1,unassigned
AAACCCACAGCTGAAG-sAML1,1
ATCGTCCGTCGCGGTT-sAML1,4
TGTCCCACACAACGAG-sAML1,2
CGTGATAAGCAGCGAT-sAML1,5
GCCAGGTCATAGGAGC-sAML1,7
GGGAGTAGTGGTTTGT-sAML1,1
TGGAGAGCACATTGTG-sAML1,0
CATCGCTGTGTCGATT-sAML1,unassigned
CAGATTGGTTCGAGCC-sAML1,4
GACTGATAGAGCCCAA-sAML1,6
GTGCACGTCAAGAGTA-sAML1,2
TCATTCAAGTCGCCAC-sAML1,7
GCGTTTCAGGGAGATA-sAML1,1
CTGTATTAGGATGGCT-sAML1,unassigned
TGTGCGGGTCGATTAC-sAML1,7
TTAGTCTTCCGGTAGC-sAML1,0
CTCCTTTGTCGTCAGC-sAML1,7
AAGTGAACATCCGTTC-sAML1,7
AAACGCTAGGCGTCCT-sAML1,1
GATTCTTGTGTCCATA-sAML1,unassigned
TCCAGAATCAGAACCT-sAML1,unassigned
GACTCTCTCTACCTTA-sAML1,1
CCGCAAGCAGAACATA-sAML1,6
GAACGTTAGAGGACTC-sAML1,2
TCCTCGACAAACAGGC-sAML1,0
CAGATCAGTTGTATGC-sAML1,1
ATGACCAAGGGCAGGA-sAML1,unassigned
CGAAGTTTCGGCTATA-sAML1,2
AAGACTCAGTGCGACA-sAML1,unassigned
TTTGATCTCGCTACGG-sAML1,5
CAGGCCAAGGATGCGT-sAML1,2
GGCACGTAGAGTCTGG-sAML1,7
GCCATTCAGTACAACA-sAML1,7
ATGGGTTAGTACCGGA-sAML1,0
AGGGCTCTCGTAGCTA-sAML1,5
CTAACCCTCCACGGGT-sAML1,6
TATACCTAGCTCGACC-sAML1,unassigned
ATGGAGGCACCTCAGG-sAML1,5
ATACTTCAGCTCGACC-sAML1,7
AGGCTGCGTGGATACG-sAML1,4
TTCTGTAGTCATCAGT-sAML1,5
ACCGTTCCATCGCTGG-sAML1,4
CCTAAGACAGTGTACT-sAML1,3
GGTTGTATCTCAGAAC-sAML1,7
TCATTTGGTGCGAGTA-sAML1,4
TGATGGTCATTACTCT-sAML1,1
AATTCCTAGGAGAGGC-sAML1,2
ACTTCCGTCGTTCCCA-sAML1,5
TCCTTCTTCGCCGTGA-sAML1,1
TTGGTTTTCGCAGTGC-sAML1,1
CTAGACACAAAGAACT-sAML1,2
GAAATGAAGTTCGCAT-sAML1,6
AAAGTCCTCCTCACCA-sAML1,1
CTAAGTGTCGCAGTTA-sAML1,2
TGACCCTCAGGTTCAT-sAML1,6
AGGATAAGTAGTGCGA-sAML1,5
ACGGTCGTCGGTTAGT-sAML1,unassigned
CAATACGAGAATACAC-sAML1,4
TCCTCTTAGTCATCGT-sAML1,0
AGCGTATGTTTGAACC-sAML1,7
CTTCCGAGTTTATGCG-sAML1,5
AAGAACACATAGGTAA-sAML1,5
TTCACGCAGGATATGT-sAML1,2
TGTCCTGGTATACAGA-sAML1,2
ATCGGATTCGGTCAGC-sAML1,4
CTGCGAGTCGCACTCT-sAML1,7
ACACAGTAGCACCTGC-sAML1,2
GTCAAGTCAAGGCTTT-sAML1,2
CAAAGAAAGCAGTCTT-sAML1,1
GTTCGCTGTCTGTCCT-sAML1,7
TTCCGGTTCTTTGCTA-sAML1,0
TCACTATGTATCGCGC-sAML1,0
AGATCGTGTCGGAACA-sAML1,7
GATGAGGCAATCAGCT-sAML1,4
ACTGTGAGTAGGTAGC-sAML1,2
AGAACAAAGACGTCGA-sAML1,2
ATGAAAGAGAGGTATT-sAML1,unassigned
CATCGTCTCGTTAGAC-sAML1,4
GCCGTGATCGGACTGC-sAML1,2
TGTTGGAAGATGGTCG-sAML1,6
TTCATTGGTATACAGA-sAML1,7
CTCTCGAGTAGCGTCC-sAML1,6
TGCAGATTCCCATTCG-sAML1,1
AGAAATGTCTCTGCCA-sAML1,6
GTTACAGGTAGGACCA-sAML1,2
GTAGGTTCACGCAAAG-sAML1,1
TCGACGGAGTAAACAC-sAML1,2
CGATGCGGTACGATTC-sAML1,unassigned
GTCTTTAAGGCGCTCT-sAML1,7
CGAGTTACAAATACAG-sAML1,5
AATTCCTGTAGCTAAA-sAML1,4
CTCTGGTGTTCAAAGA-sAML1,1
TTGCGTCCAATCGTCA-sAML1,1
GTAATCGTCGTAGGAG-sAML1,1
AGGACGATCGTGCGAC-sAML1,3
TCCGGGACAAATGAAC-sAML1,2
