index,UMAP1,UMAP2
TTGGGATCAATGGGTG-AML5,16.298018,5.7427773
ATCCCTGTCTTTGCGC-AML5,13.693388,5.6686788
CTTCCGAAGACCCTTA-AML5,14.188406,6.0569334
ATGATCGTCAAACCCA-AML5,14.028822,6.1351833
TCCAGAAGTCGCGTTG-AML5,12.722403,5.1982994
ACCTGTCGTTTCCAAG-AML5,13.021966,7.011821
CCTCAGTGTCAGATTC-AML5,4.5583825,8.3960705
TACCCACGTCGACTGC-AML5,13.953396,4.7684994
TCTTGCGCAGACGCTC-AML5,14.583291,5.3838253
TAAGCCATCTTTGCAT-AML5,14.071608,8.537581
AAGACAAGTATGCTTG-AML5,13.279911,8.348324
CCACGTTCATCGGCCA-AML5,12.80769,7.305375
TGTGTGAGTGTGCTTA-AML5,11.665869,8.1408615
CTCCTTTAGGGCAAGG-AML5,14.761417,7.3755918
CAAAGAAAGCTTTCCC-AML5,11.094838,5.8329434
TACCTGCGTCCTGTCT-AML5,16.010422,6.9249773
AACTTCTAGATAACGT-AML5,14.906078,7.99442
TTGATGGTCAATCAGC-AML5,13.369132,5.675691
GTCCACTCAGACGATG-AML5,12.422581,6.9587097
TGTTGAGGTCCGGTGT-AML5,13.6813545,8.367016
ACATGCAGTACGATCT-AML5,13.252148,8.742178
CCCAACTCATGTGTCA-AML5,14.541859,6.6739063
CTGTGGGGTACGAGCA-AML5,13.8948145,8.256629
CCAATGACATGGCCAC-AML5,13.067411,5.569751
GAACACTCAAGTGTCT-AML5,15.100205,6.4630575
CCTTGTGCAGAGCCCT-AML5,12.827698,6.5301414
CGTAATGCAAGACTGG-AML5,15.052692,6.2727327
GAAGAATTCACGTAGT-AML5,14.2445135,4.0313554
GAGTTTGCATGTTTGG-AML5,14.121132,7.760295
TCCGATCAGTCCCAGC-AML5,13.412586,5.6907473
GTCTGTCTCCGTGTGG-AML5,12.558361,9.375642
TCAGTCCGTATGGGAC-AML5,14.107099,4.098301
TGAGTCACACGTTGGC-AML5,11.422421,8.162637
AAGACTCTCTCGGGAC-AML5,14.958183,8.252343
CACTGGGCACTACCCT-AML5,14.719173,6.188412
GCAACCGCATGGAACG-AML5,14.275158,3.8133698
AACCAACCAGCACGAA-AML5,15.268786,5.6207714
CGAAGTTCACTTACAG-AML5,10.667217,7.7443414
GCACGGTTCTGAATCG-AML5,12.821268,3.6513362
CCGATCTCACAACGAG-AML5,13.268687,5.6541667
TCGACGGAGCACTCGC-AML5,13.444129,5.441211
GGGTATTGTCTTCTAT-AML5,12.927106,7.8397965
CTTCTCTAGCAACCAG-AML5,11.791841,8.499099
CGTTGGGAGGTAACTA-AML5,14.5091,4.314426
GGATGTTAGTTTCGAC-AML5,14.6562395,6.990287
AGAAATGAGAAGTCAT-AML5,16.091368,7.1852164
CTAAGTGGTGGCTACC-AML5,15.146827,5.1462283
ATTCACTTCAAGAGTA-AML5,12.462796,7.9083476
AGGAATAGTGGTACAG-AML5,10.503107,7.611563
GTCTTTAAGTCCGCCA-AML5,15.090913,7.0434346
ACGGGTCTCCAGTGCG-AML5,14.535826,5.3270063
AGAAGTAAGGGAGGTG-AML5,12.338456,5.451052
AGGCATTTCGTAACCA-AML5,13.483998,5.4963474
AATGGCTGTTGTGTAC-AML5,13.035876,5.4295354
TAGTGCATCATATGGC-AML5,13.73732,5.775438
GGTTAACGTCGAACGA-AML5,13.786475,6.9039006
TTGTTCAAGGATGCGT-AML5,13.776592,7.533127
TGTTCTATCGCGTAGC-AML5,14.415074,9.111866
CTTCCGAAGATTGAGT-AML5,16.233755,6.2144394
AACCTTTCATGGAGAC-AML5,11.924876,8.039418
TACCTCGGTATTGGCT-AML5,12.713971,5.4237857
ATCTTCACACGTTCGG-AML5,12.438179,6.2844763
GTAGGAGGTGTATTCG-AML5,12.892776,7.972654
CGAGTTACACTATCCC-AML5,12.160481,7.9233766
ATGCCTCAGGAGGGTG-AML5,14.376844,8.57359
AGGACGAAGTGCTACT-AML5,12.691416,6.7283525
AGGTTACCAAGTGGCA-AML5,12.306279,3.5614007
TTTACTGGTGATAGAT-AML5,13.695676,7.476602
TACGCTCTCAAGTAAG-AML5,14.569114,5.758455
ACTATGGTCATCTATC-AML5,13.8985615,7.6901417
AATTCCTTCGGTCAGC-AML5,13.468744,5.4864078
GGAGGATCAGGGATAC-AML5,13.524088,7.6281033
TCGTGCTTCTCATTGT-AML5,13.223153,7.5245347
AACTTCTAGTTCGGTT-AML5,14.309694,8.996059
ATTGTTCTCTCTAGGA-AML5,11.191824,6.508411
AGCTACAAGGCCCAAA-AML5,13.867436,6.8548
TCGGGTGAGTCAGGGT-AML5,11.107572,7.050299
GTAATGCTCTTCGCTG-AML5,11.57021,5.2202272
CCTAAGAGTCTACAGT-AML5,11.843865,8.403551
GACTGATTCATTGCTT-AML5,13.616392,5.6793
AATTTCCTCATTCTTG-AML5,14.182629,3.8107765
AAAGTGATCGAGAGAC-AML5,14.167796,7.729116
CCGGTGAAGTTGTAGA-AML5,11.080188,7.719324
TTGGGCGGTCATACCA-AML5,13.967064,7.8316016
GAGCTGCAGCCGATCC-AML5,14.025178,8.744099
AGTGCCGTCAGCTAGT-AML5,15.411742,6.2888694
AGTGCCGCACGAGGAT-AML5,15.11591,7.120121
CCCTTAGAGCCTGAGA-AML5,13.321528,8.298158
CTAGACAGTAGCGCCT-AML5,13.722027,6.106119
CATAAGCGTCCAAATC-AML5,16.182333,7.185933
GCTACAATCACTCACC-AML5,11.465777,5.275617
TTGGTTTTCTACCTTA-AML5,14.025751,9.04393
CAGGTATGTGAGATCG-AML5,10.514034,7.849008
CTCCGATGTTCTTAGG-AML5,15.388248,4.808063
AGGGAGTTCATCGTAG-AML5,13.100827,6.4031315
TAGACTGCACTTACAG-AML5,11.862112,6.577303
TGCAGTAGTCGCTTGG-AML5,15.30962,5.020685
ATCCATTGTTACTCAG-AML5,13.1539345,4.914733
TCACGGGCACGCGGTT-AML5,12.837612,5.5557237
AACCACATCCGCTAGG-AML5,13.283386,6.46118
TGCTTCGAGAAACACT-AML5,16.400578,7.075525
CCGGGTAGTGCCTACG-AML5,12.060229,8.050858
TTCCAATAGTCTGTAC-AML5,14.479245,4.174342
TAAGCACCAGACGATG-AML5,13.337038,7.7237887
ACTTTCAGTGCATTAC-AML5,13.012784,8.408241
GACTGATAGTTGCTCA-AML5,10.360308,7.8976345
AGAGCAGTCAACCTTT-AML5,15.132865,8.107435
TGGGTTAGTGAATATG-AML5,14.579654,5.94117
GCGTTTCCAATTGCTG-AML5,12.846876,6.630372
CTCAAGACACAACGTT-AML5,14.706486,8.342227
AGACAGGAGTTTGAGA-AML5,11.065203,6.8896055
CTAACCCTCTCGCTCA-AML5,12.164623,7.540514
CAGATTGGTGTAGGAC-AML5,12.505635,5.3271475
GTTTGGAGTTCCCAAA-AML5,16.312067,6.361763
TACCTCGAGTGAACAT-AML5,13.549631,5.205657
GGGCCATCACATATCG-AML5,12.559689,7.9194636
AGAAATGAGATGACCG-AML5,12.361181,6.665397
AGCCAATGTACCTAAC-AML5,14.171226,5.4739103
CAGGGCTGTCTGTAGT-AML5,15.0108795,8.139771
GGGTCTGTCGGTTAGT-AML5,11.999816,7.349196
TTGCATTTCCAACTAG-AML5,11.870358,8.198955
CGAATTGTCGAGCACC-AML5,12.41213,3.9193861
CGTGCTTCACCCAACG-AML5,15.108883,7.808153
GCCGTGACATACCATG-AML5,13.517391,7.3228545
ACATGCAAGATGAACT-AML5,14.676418,6.618353
GGGAGTATCGCATTAG-AML5,15.211497,7.9731727
CCCGAAGAGAAGGGAT-AML5,13.458522,8.161994
CTCCACATCGCCTAGG-AML5,14.382562,7.4447346
GGTGATTCATTGCAAC-AML5,13.1514,6.028474
ACTGTGAAGACGGTCA-AML5,14.742138,7.802846
TACTTACGTTTGCCGG-AML5,13.558259,5.5655785
CAGTGCGCAATTCTCT-AML5,12.582013,5.262959
TGAATCGTCGACGCTG-AML5,14.936322,6.839416
CATCGGGAGCAACTCT-AML5,14.924093,6.480982
GCCCGAATCCGCTAGG-AML5,12.239705,8.214687
TCAGTGATCACACGAT-AML5,15.573904,7.3328795
GTATTGGGTCAACGCC-AML5,12.597386,7.705813
CCGGACACAAATCCCA-AML5,15.600953,7.438344
TGTAACGAGCCAGTAG-AML5,12.45231,8.447875
TTGTTTGCAGGGCTTC-AML5,13.374524,4.3322835
TTCCTTCAGAAGGCTC-AML5,15.109752,7.9562044
GCAACCGAGAGCCGTA-AML5,13.586391,6.6027713
AGAACAACATTGCTTT-AML5,15.818311,6.5129094
CTAACTTCATCGAACT-AML5,13.076514,7.7778587
AGGACGACACCGCTAG-AML5,13.521354,7.1651263
TCCGATCGTGTCTCCT-AML5,16.272701,7.088124
AGAGAGCAGGCGACAT-AML5,16.07291,6.9472203
TCTGGCTCATTACTCT-AML5,14.863081,8.583876
CGGAATTTCCTTGGAA-AML5,12.530406,6.945743
AACCAACGTCGCATCG-AML5,14.756456,6.909772
GAATCACTCCATTCAT-AML5,12.672525,8.242485
ACGGGTCAGACTCTTG-AML5,14.66192,4.4189787
GTCAGCGCAAAGGGTC-AML5,14.083032,8.767799
AATGCCAGTTTGGCTA-AML5,13.203043,7.479403
TTCATGTTCAGCTGTA-AML5,11.396658,9.548769
CTAGGTATCCCATTCG-AML5,13.67516,7.4956493
CTTGAGACAACTTCTT-AML5,14.162877,3.7867723
CGTGATATCACCTGGG-AML5,11.154821,7.6195254
ATAGACCTCTACTCAT-AML5,14.525066,7.949174
TCCTCCCTCCACACAA-AML5,15.362395,8.142748
TGTAGACGTATAATGG-AML5,14.480019,5.510442
GGGTGAAAGGTATCTC-AML5,14.167966,6.934248
CTTTCGGCAGGCTCTG-AML5,15.557844,5.24801
ATTGGGTGTGCCCAGT-AML5,14.799427,8.029164
CAGGTATGTCTTGTCC-AML5,12.364092,3.5383499
TCACGGGCAATTAGGA-AML5,15.085366,4.7351685
AGCCACGAGACCGCCT-AML5,12.758156,8.529866
AGCGATTCAAGGATGC-AML5,15.598654,5.056982
AATTTCCGTAGCGTAG-AML5,12.367579,3.6210902
AAACGAAAGCACTAAA-AML5,14.015166,4.1030445
AGTGTTGTCGACCTAA-AML5,14.48722,4.739334
AACGGGACAGGAATAT-AML5,14.424748,6.0955896
TCAGTTTCAATTCTCT-AML5,13.250809,7.246677
GACACGCAGGCACAAC-AML5,12.421726,7.147609
TGATTCTAGCGCATCC-AML5,14.18134,6.726186
CGGGTCAAGGATCACG-AML5,12.859583,7.234517
GGTTAACAGTAGCATA-AML5,16.108034,6.789468
GTCACTCGTGATTAGA-AML5,13.165318,7.944594
CTTCAATAGTTAACGA-AML5,12.353228,3.9297764
GGGCGTTTCGGCTGTG-AML5,11.425504,5.922903
TCTCTGGGTTTCAGAC-AML5,10.464605,7.8270693
ACTGATGGTCCACACG-AML5,16.400337,5.9597616
GTGCTGGAGGACACTG-AML5,13.715763,5.226978
TTAATCCCACCAAATC-AML5,14.56177,8.28267
GGTGTTAGTGAGGAAA-AML5,14.308837,8.6473465
TGGCGTGAGAGAGAAC-AML5,15.622645,4.826384
AAGCATCCAACAAAGT-AML5,13.522723,7.0383005
AATTCCTGTCGGAACA-AML5,10.455233,7.7819543
GAGACTTTCATTCATC-AML5,11.532759,6.489681
CGGGTGTAGTTCCATG-AML5,14.638672,5.032444
TATACCTAGGTATAGT-AML5,12.65223,5.9012046
GCTACAAGTTAGAGTA-AML5,13.393531,6.7496057
TCCTAATGTAAGGAGA-AML5,14.931709,8.490793
ATCGTCCAGATTGAGT-AML5,15.611468,7.6349783
TCTGGCTAGACTGGGT-AML5,13.912639,7.9300165
CTGCATCTCTGGAGAG-AML5,15.610468,4.8111725
ATCAGGTGTACACTCA-AML5,13.129293,4.9998713
AGTCAACTCTCAGAAC-AML5,12.723416,7.408345
CTGAATGAGTAGGTTA-AML5,13.112,8.554047
GTAAGTCTCCGTGACG-AML5,11.122443,8.000719
CTTCCTTTCCTCAGAA-AML5,13.915943,6.1232877
AGGAAATTCATTGTTC-AML5,13.13814,5.3828015
TTACCGCAGACTTAAG-AML5,14.559811,7.961933
GAGTTGTCATAACAGA-AML5,14.18709,6.221861
ATCCGTCAGCTGCCAC-AML5,14.779555,5.675716
TTCGGTCCAAATTGCC-AML5,16.724348,5.8949842
CTCAGAAGTTTGGCTA-AML5,14.869433,4.901727
TCGGGACAGATGCTTC-AML5,13.20923,5.616
GACCAATAGAAGGTAG-AML5,15.149576,8.176982
AGCGCTGAGTTGCGCC-AML5,14.370348,3.978121
AGCATCAAGGCGTTAG-AML5,11.95903,6.659616
AATAGAGTCTGTGCTC-AML5,12.380536,7.776827
TCGGGTGAGACTCCGC-AML5,13.786418,6.358579
ATTATCCGTCATGACT-AML5,14.192102,8.287535
GTGAGTTGTACGTGAG-AML5,12.890241,7.1377506
GACCCAGCACAGCTGC-AML5,14.929395,6.6297464
CGAAGTTAGAAGCGGG-AML5,14.995017,4.8271966
CTTTCAACATGACGAG-AML5,14.887678,6.5948987
AAGACTCAGGATGGCT-AML5,13.580248,5.3370843
CTGCATCTCGAACTCA-AML5,13.002611,7.233407
AAGATAGAGTCACTAC-AML5,13.611429,5.3137684
TTCCGGTCATCGAGCC-AML5,14.816165,7.105451
CGATGGCTCAGCCTTC-AML5,16.022228,7.356229
GGAAGTGTCGGAGATG-AML5,15.398233,7.2744174
ACGGTTAAGCGCGTTC-AML5,12.501973,8.145515
ATCCCTGGTAGACAGC-AML5,12.395093,6.2239766
CATTGTTAGACCTGGA-AML5,14.384995,5.2170053
AGACTCATCATGGCCG-AML5,16.177204,7.4310274
GGGACAACAGAATCGG-AML5,13.3014145,6.888533
TATGTTCAGCCACAAG-AML5,16.600996,5.783365
GGGCGTTTCATCGCTC-AML5,15.065038,7.9106956
GGGCTACCACCAAAGG-AML5,14.223741,7.0768647
GATAGCTCAGACCAGA-AML5,16.23392,5.7111373
GGTGTTACAACAACAA-AML5,12.026213,5.7446914
CAAGAGGCACTTGTCC-AML5,14.335921,6.121334
TGCTGAATCTATCCAT-AML5,13.828545,8.022657
CCAATTTGTAATGCTC-AML5,14.48975,7.7144423
TCTACCGTCGAGAAAT-AML5,15.749728,6.122439
TTGCGTCAGTAGGAAG-AML5,14.477842,6.116157
AAACGAATCGTTCCTG-AML5,15.862239,6.9753947
TCTCACGAGCCTATCA-AML5,12.998779,7.8173323
GGGAAGTTCGAGGCAA-AML5,14.954261,5.603109
CATCGCTCAGGTAGTG-AML5,13.112501,6.4423385
ACTACGACACCAGGTC-AML5,12.901757,4.232809
TGCGATAGTTCGGCGT-AML5,14.457884,5.3367786
GTAGATCCATGACTTG-AML5,14.821752,7.442079
TCATTGTGTAGGGTAC-AML5,12.218635,8.372811
AATTCCTAGCTGTCCG-AML5,11.380913,6.2119493
GAAGGACTCCCTAGGG-AML5,14.454051,7.659993
TCCACCAAGACAACAT-AML5,11.700154,7.4652143
TGTTTGTTCTCTCGAC-AML5,14.320751,6.066376
ACGGAAGGTACTCCCT-AML5,12.342545,5.284869
GACTTCCAGGAAGTCC-AML5,14.364225,5.067245
CAACAGTTCATTGCCC-AML5,13.684431,6.681686
AACGTCAGTTATGACC-AML5,15.008724,6.869223
AGATGCTCAGCATGCC-AML5,15.686203,6.7899666
TGTAGACTCTCTGCTG-AML5,14.347206,5.5710073
CGGACACTCCTGTAGA-AML5,12.832694,4.0724077
GCTGCAGGTCGAATGG-AML5,11.750854,6.585407
GTGCGTGGTTCGATTG-AML5,13.860623,8.7522955
CATTCATTCGTCGATA-AML5,11.700079,5.728643
GTAGTACTCCCGAACG-AML5,14.881549,8.553654
GTACAACCAGCACAGA-AML5,12.505369,8.366007
AGCGCCATCAAAGACA-AML5,14.355439,5.881609
GTAGTACAGCCTCTTC-AML5,16.344,6.872806
TTCCACGTCTTCGGAA-AML5,12.500934,4.615632
TCGGGTGCAGATCCTA-AML5,12.457139,8.244288
ACGTAGTGTCACTTAG-AML5,15.976558,7.340245
CTTAGGATCCGTGTCT-AML5,13.934171,8.42378
CTACAGAGTTGCCTAA-AML5,14.5058975,8.121299
GACTTCCTCCTCACTG-AML5,13.308118,6.435971
CTAACTTGTCCCTGAG-AML5,11.990102,7.7118053
TCGGGCACAACAAGAT-AML5,15.930052,7.002179
TGAGGGATCGAGTGGA-AML5,14.654753,4.703254
AAGCATCAGTCGAAGC-AML5,13.722005,7.4249277
GCTTCACAGTTGAAAC-AML5,11.791966,5.6408343
TTTGACTTCAGAGCGA-AML5,12.565165,6.292628
CGGGACTTCTGCTGAA-AML5,15.73401,6.5822244
GCCAGTGCAGCGGATA-AML5,13.324797,6.638667
CTTGATTGTTGTGGCC-AML5,11.838822,5.863033
CTTGATTAGCGTTAGG-AML5,13.413807,7.5497346
TGCTTGCCATCCGTGG-AML5,11.877572,7.472657
TCATACTGTCTGTAGT-AML5,16.73849,5.8304873
ACTCTCGTCTATTCGT-AML5,13.178913,7.091782
TCTCCGAAGTAAAGCT-AML5,12.765629,4.0103893
TGATGCAGTGCTTATG-AML5,15.188083,5.746619
GGAGCAAGTGCTATTG-AML5,15.618112,5.259692
TATCAGGGTAGCTAAA-AML5,12.1011305,6.343123
AGGGTGAGTGCATCTA-AML5,14.223153,5.7200875
ATCCACCAGGATACCG-AML5,13.16687,7.7636137
AGAGCCCAGCCTTCTC-AML5,15.0093,5.1096725
TGGAACTTCAAAGAAC-AML5,15.860076,5.699028
TAGACTGGTTATCCAG-AML5,11.905891,8.067689
CGAGTGCAGATTGACA-AML5,15.300979,6.0678897
CATTCCGTCTCGTGAA-AML5,15.676808,6.668407
AAGACAACACCATTCC-AML5,12.87434,7.176099
TCACGGGGTCGAAGCA-AML5,11.736042,7.853804
GTCTGTCTCCGAAGGA-AML5,12.194791,7.2676067
AGACAGGAGCTCATAC-AML5,11.453967,5.37742
TTGGTTTGTTGCCGAC-AML5,14.357713,4.726346
TGCGACGCAAGGTCGA-AML5,13.011233,8.55036
GATGGAGTCTGGACCG-AML5,13.516391,8.612177
GGAGCAAGTGCAAGAC-AML5,12.805812,8.107989
CCAAGCGAGGGTGAGG-AML5,14.129935,5.8465867
TTACGTTAGTGGTGGT-AML5,13.888312,8.56242
CCTAACCGTTGTGTAC-AML5,12.808302,5.3000503
CAGATCAAGTGATAGT-AML5,13.015749,5.1308246
GGGTAGAAGAGTGTGC-AML5,14.569079,7.7056637
CCTTTGGAGCCGATCC-AML5,14.162388,4.2114944
CTGGACGCACGTACAT-AML5,12.670521,6.2899594
CCACGTTCAGAAATTG-AML5,14.291736,7.01826
TATCCTAAGCTGTTCA-AML5,14.011576,4.4389906
TATCTGTTCCTATTTG-AML5,13.634504,6.9706798
CAATGACAGGGATCAC-AML5,14.377794,6.1595263
GATGAGGGTGTTACAC-AML5,14.23821,5.9388876
ATCTCTATCTTGGATG-AML5,15.180935,5.951492
AGATCGTCAAGATTGA-AML5,15.4816065,5.056717
TCGGTCTAGCAGCACA-AML5,14.649533,6.2742143
ATGGGTTAGTATGACA-AML5,13.635578,5.7518415
GTACAACAGACTCATC-AML5,15.827214,6.934766
AAGCATCCACCGTGAC-AML5,15.665678,6.1514926
AATGGAACACCACATA-AML5,12.453814,3.6187246
TCGACGGGTCTGTGGC-AML5,12.771779,5.5542245
GTGGTTATCGATGGAG-AML5,12.160037,6.832647
AGTCAACCAGGCCCTA-AML5,13.260055,7.2166905
TCGTCCAGTTGTGCAT-AML5,14.986964,5.5287504
GGGTATTAGACCGTTT-AML5,13.864613,8.901624
CCTTGTGCAGCGCTTG-AML5,14.839221,6.213817
AGGCCACTCATCTATC-AML5,11.349431,9.606246
CGGGACTTCGCGCCAA-AML5,11.192055,6.8719835
ACTATGGTCTTCCGTG-AML5,10.829505,7.351521
TAGGTTGAGCGGACAT-AML5,14.212717,8.253228
TGACTCCAGTCAGCCC-AML5,13.5887375,5.3573675
TGACGCGAGATAGGGA-AML5,13.888829,6.1308913
CGTGCTTCACTTTAGG-AML5,12.450501,8.177706
TAATTCCTCCAATCCC-AML5,14.198006,7.283672
TTTAGTCCAATAGAGT-AML5,12.8803835,6.153862
GTCATCCAGTGATCGG-AML5,12.722991,5.4225297
TACCCACTCGAAGCAG-AML5,13.6361885,7.783572
CGGACACTCACCCTGT-AML5,11.620627,7.056552
GTGTGGCGTCTTGGTA-AML5,15.001628,6.052522
GGTAACTAGCCGTTGC-AML5,13.240587,6.978953
AGTCAACTCGTGGAAG-AML5,13.508427,6.0129123
CACGGGTTCTTGGCTC-AML5,11.320551,6.5197735
GCAGCTGAGATGCCGA-AML5,11.240883,7.4153543
GGTCACGGTTATCTGG-AML5,14.1136265,7.0409346
TGGATCATCGGCTCTT-AML5,14.723154,8.54434
GTCTTTATCTGTCCCA-AML5,14.839959,6.1587005
TGTTCCGAGGTAGTCG-AML5,11.613424,6.0090723
CGAGGAACAGGCCTGT-AML5,15.190913,8.042989
AATCGACAGGCCCAAA-AML5,15.326032,5.478856
GGGTCTGGTGGCCACT-AML5,11.939958,8.355985
GTTAGTGAGTGCAAAT-AML5,15.114604,5.604097
AAGACAATCGTCTACC-AML5,13.170763,7.404187
AGACCATAGGAATGTT-AML5,11.321009,5.491696
ATTGGGTTCATAGGCT-AML5,12.388921,6.4226046
TCATTTGTCCATCTGC-AML5,10.732198,7.7782674
AGTCATGGTATCTCTT-AML5,13.373891,7.092294
TCGACCTCAGCGTGCT-AML5,12.215404,7.8971596
CACGTTCTCAGAACCT-AML5,11.012397,6.6237106
GCGTGCAAGTTTCGAC-AML5,14.976438,5.9104605
GGTGTTACATGGGATG-AML5,13.435708,6.893345
TGTCCTGTCCGGACGT-AML5,14.9729395,6.0523834
CATGCAATCCAAGCTA-AML5,13.250341,7.1600137
GGGACAAGTGCCTTCT-AML5,12.108483,6.5182815
AGCTACATCCCGAGGT-AML5,13.558433,7.7439203
CAGGGCTGTTGGGATG-AML5,14.962918,5.7880163
TACATTCAGAAGTATC-AML5,12.657034,5.3124666
TATCTGTCAAGAATAC-AML5,12.963248,6.7532587
GCAGCTGCATAACGGG-AML5,12.879768,6.8825645
CTACAGATCCATTGCC-AML5,14.567063,8.49063
ACATTTCGTAAGTTAG-AML5,11.138628,5.521513
GGAATCTGTCACTAGT-AML5,16.666397,5.8299522
CATGCCTAGTGCTAGG-AML5,12.699377,5.737946
TCGCAGGAGAGGCGTT-AML5,16.344122,7.0078516
CGGGTCAAGCTGACTT-AML5,11.808422,7.0663304
AAGTACCGTATGTGTC-AML5,12.387693,7.410735
GCCAGTGCAAGGTCAG-AML5,14.135473,3.8137465
TGAGACTTCCGAGTGC-AML5,14.57366,8.121953
ACCCAAAAGGACTAAT-AML5,14.586186,6.21054
TATCGCCGTCGGTGTC-AML5,12.954967,6.647978
TTCCTAAGTACATTGC-AML5,13.281572,6.491975
TGTTGAGTCTATCGGA-AML5,14.144861,8.206347
GCATCTCCATCGCTCT-AML5,13.34549,6.5964966
GCTTTCGGTTAAGCAA-AML5,14.42928,7.4291453
TGAGGGAAGTATTGCC-AML5,13.899643,8.3421755
TGGATCATCCCAACTC-AML5,14.420965,7.821544
AGACACTCACCTGCTT-AML5,10.958278,7.1875706
AGTTAGCTCAGCATTG-AML5,12.572437,8.88186
TCACTCGCAAATGGTA-AML5,14.102875,7.5283866
AGCATCAAGATTGGGC-AML5,15.497293,5.8033385
AAGCGAGTCCTGTTAT-AML5,13.23997,5.1018486
GTCTCACTCGAAGCAG-AML5,11.931752,8.5477
ACAGGGAAGGCAGTCA-AML5,12.066208,7.122983
GCTTGGGGTGGCACTC-AML5,14.022874,5.767792
TCTATACTCGTCTAAG-AML5,12.267008,3.4537215
TAGATCGCAACACTAC-AML5,11.703927,8.1714945
TCCGATCTCTCAAAGC-AML5,16.646349,5.9264774
TCTTGCGTCCCTATTA-AML5,16.740337,5.7720222
CCTCAACAGTAAACGT-AML5,12.353134,8.429811
AGGCCACTCAACGCTA-AML5,13.515287,5.9244204
TGTAAGCCACATTGTG-AML5,16.347845,6.9999237
CTCAGAATCACCATCC-AML5,13.657385,8.500357
TTGCATTCAAGCGAGT-AML5,12.192659,8.005708
AGGACGAAGTTGTCAC-AML5,13.176878,5.6548233
CGCGTGAAGTCCTGTA-AML5,12.391164,5.282982
GCACATACACCTGCAG-AML5,12.705833,4.1752977
GCTACAAAGAAATTCG-AML5,13.675347,6.614444
CAGTTAGGTTCAGGTT-AML5,12.271541,6.311721
CATCCACCAGTACTAC-AML5,11.747236,5.2108912
AGACAAACATACAGCT-AML5,14.239597,7.2479305
GATAGCTTCACTGCTC-AML5,13.386152,8.233598
AGATCCACATCCGAAT-AML5,13.174146,6.000382
CTAGACATCTTCCCGA-AML5,12.080763,7.778749
CTAACTTGTCCCGTGA-AML5,12.325576,3.6569664
AAAGGATTCAGATGCT-AML5,13.878012,8.807798
CTAGACACACTATCGA-AML5,11.643523,7.061155
CTTCTAAAGAGAGAAC-AML5,14.196559,8.9315605
AGCGTATTCCGAGATT-AML5,12.827532,6.5065446
GTTGCGGAGTCAATCC-AML5,13.302407,5.741869
AGAACAATCCCAGTGG-AML5,15.30803,5.6386585
TCAAGCATCGCACGAC-AML5,13.455995,6.0234647
TAGGGTTCAACAGATA-AML5,14.74679,6.358624
TTACTGTAGTAACCGG-AML5,12.268136,9.026717
CTCCCTCGTGTTGAGG-AML5,12.496989,7.11674
ATGAGTCGTTGTTTGG-AML5,14.757136,8.44606
CCACTTGCAATGAAAC-AML5,12.10853,7.6660705
ATACTTCCAGACTGCC-AML5,14.091976,8.269303
ACTATCTCATGCGTGC-AML5,15.430777,4.854369
AAAGGTACAAACCGGA-AML5,13.463371,6.7424493
TCACTATGTTTAGACC-AML5,13.76362,5.607269
ATTCCATCAGTCGCAC-AML5,14.431567,7.566622
GTCTAGAAGTAAACTG-AML5,16.6607,5.882187
CATCAAGGTTGTAGCT-AML5,11.306099,9.6697445
TTCCACGCAAGAGTAT-AML5,11.278881,9.700548
CACGGGTTCAGAGTGG-AML5,11.860422,8.450227
GGTAATCGTGGGACAT-AML5,15.56367,4.83622
CCTAACCTCAAAGACA-AML5,15.180923,6.90569
CTTGATTCAGTTTCGA-AML5,12.596784,6.8098445
TTTCAGTAGGTAAAGG-AML5,14.611259,7.504334
GGAGGTACACGCAGTC-AML5,15.841383,6.0296307
GCTGAATCACTTGTCC-AML5,14.818038,4.9793663
TTGTGTTTCTGAGATC-AML5,13.493689,8.074956
TCGTGGGGTAGGAGGG-AML5,16.051159,6.612686
TACCTCGAGCAAGGAA-AML5,14.501226,7.699299
CGTTCTGAGCATCCCG-AML5,14.113844,5.4774947
AAGACTCAGGAGAGGC-AML5,13.526838,9.138833
ATCGTCCAGCTAATGA-AML5,14.520319,4.7468457
GTATTGGCATCAGTCA-AML5,13.5929165,5.493016
CTCCAACTCAGCCCAG-AML5,13.391549,8.6680765
TCTCACGTCCCATTCG-AML5,13.8847685,7.621823
AGATGCTGTTATCCAG-AML5,15.421594,6.7984686
ATAGGCTGTATCGCTA-AML5,15.332429,4.9182496
CTTCTAAAGTGTTGTC-AML5,14.326273,3.8880177
TTTCATGTCCATCTAT-AML5,11.58272,6.5070467
CCGCAAGCATCTTTCA-AML5,12.236697,5.557608
ACAAGCTAGTATGATG-AML5,13.400194,6.420957
AGCATCATCATACGGT-AML5,14.747371,5.492333
AATCGTGAGCTTTCCC-AML5,14.303638,7.9626937
AACGGGATCCGAGAAG-AML5,12.410816,7.7374973
AACAACCTCTCAACCC-AML5,15.159668,5.412866
CCTGTTGTCACTAGCA-AML5,11.953355,6.976412
CGACAGCCAATTGCAC-AML5,12.4689665,8.644813
GCAGCTGTCACTGATG-AML5,14.339278,8.23246
GGGTCTGGTGATAGAT-AML5,13.795242,5.8895617
TATCTTGAGTCTGGAG-AML5,13.433039,6.6804953
AGTAGCTAGAAGCTGC-AML5,14.118557,5.5790486
ATAGAGACAAGTGGAC-AML5,14.504871,9.147712
CTCCCAAAGTTGCATC-AML5,14.338925,8.713943
CATTCCGCACTCGATA-AML5,14.543317,4.297982
ACTTCGCCAAGCAGGT-AML5,12.321217,6.3942227
AAGCGAGGTGCATGAG-AML5,14.888362,6.3039536
AGGTAGGTCCTTACCG-AML5,12.1020565,7.250298
ACAGGGAGTTAAAGTG-AML5,11.096687,6.508815
TATACCTTCAATCCGA-AML5,14.748205,8.575889
TTCTTGAGTGTGTGGA-AML5,15.349783,7.2719293
AACCAACAGCAACAAT-AML5,12.310312,3.5047052
GCTTTCGAGTGACACG-AML5,12.12561,7.5633955
CAGCGTGTCTTGGCTC-AML5,12.501152,4.0482054
TAACCAGTCGAGCCTG-AML5,12.342878,5.9303746
AATCACGGTACGGCAA-AML5,11.855789,5.5017834
GTCATTTGTCGTCAGC-AML5,14.353059,3.9429612
AGGGTCCTCTTCGTAT-AML5,12.881601,6.933392
CTGGCAGTCTGGTCAA-AML5,12.608088,6.182624
GATCCCTCAGAGACTG-AML5,12.562925,5.3296604
TTGCCTGAGGGTTAAT-AML5,14.447108,5.5977955
TAGACCATCACCCATC-AML5,13.532433,7.9427395
TCCACCATCGTTTACT-AML5,12.477094,9.490842
ATTCCTACACCTTCGT-AML5,13.530066,5.322624
TGGGAGACAGGGATAC-AML5,15.032429,6.4641805
TCTCAGCAGTAGACAT-AML5,13.426411,6.4110065
TGTTCATAGGAAACGA-AML5,13.855581,7.6238804
TTGTTCAGTTCCCACT-AML5,13.340867,6.3010764
TTCCTCTGTAGACGTG-AML5,13.215725,5.5034966
AGCGATTTCCTACGGG-AML5,14.530888,8.498749
GCCGATGAGCTCCATA-AML5,13.337911,6.774679
CATGCTCAGCGCCATC-AML5,12.548068,3.8519468
GTTGAACGTAGTCTGT-AML5,11.393652,5.408462
ATCCATTCATCTTTCA-AML5,14.32872,6.4115734
ACCTACCCACAAGTGG-AML5,13.155702,7.734026
TCCGAAATCCTCTAGC-AML5,14.963724,7.330476
TTAGGGTCAATGGCAG-AML5,15.790278,6.0577765
CACCGTTTCCGCAAAT-AML5,13.639531,6.2520347
GACAGCCTCTAACGGT-AML5,10.554588,7.924806
GACCGTGTCGAGTTGT-AML5,14.381339,6.7705345
CAGGGCTGTACCCGCA-AML5,11.755747,7.024177
CCTGTTGAGCCGAATG-AML5,12.816119,7.6576886
ATAGACCAGGTCCCTG-AML5,16.589783,5.9065976
CAATTTCCACTAAACC-AML5,14.962782,7.70289
ATGCGATAGCTTAAGA-AML5,16.563854,5.9145947
AGTTCCCCATCGTTCC-AML5,13.768568,7.436673
GTTCGCTAGTTCCTGA-AML5,12.213485,6.0758185
AAAGTGAGTTCTGAGT-AML5,14.784734,7.783606
TACTTGTCAGAGTGTG-AML5,13.8178625,9.062032
AAGATAGAGAGAGTTT-AML5,13.018193,5.7703166
AGGAATATCTGTACAG-AML5,12.217778,7.1392994
TTGATGGTCGTTCATT-AML5,12.115125,8.15401
CCCTAACGTCGTTGCG-AML5,12.383664,5.193428
AGGGCCTGTGTTGCCG-AML5,12.441424,7.405742
GCCGATGTCTACCCAC-AML5,14.6742735,6.775222
CCAAGCGCACCGTGCA-AML5,15.0346,5.1979585
AGAGCAGGTCAGCTTA-AML5,13.918672,4.202434
TCGACCTGTGGTGATG-AML5,15.195951,6.161152
AGAAATGAGTACTGTC-AML5,13.503078,5.589603
GCGTGCAGTAACCCGC-AML5,14.622687,6.0672884
TACCTCGTCTAAGAAG-AML5,14.185395,5.381712
GACTATGTCAACGAGG-AML5,16.390852,6.9868035
GAGTCATGTGGTTCTA-AML5,11.967738,7.1374555
TTTACGTGTCGTTGCG-AML5,13.707202,5.410471
GCAGGCTTCCAGTGTA-AML5,14.189322,7.832921
AGTAACCGTGGTCAAG-AML5,15.286353,5.7411404
TCCTCGAAGAAGATCT-AML5,14.251109,8.169318
AATGAAGCACGTTCGG-AML5,10.9561405,7.325526
CACATGAGTTCTCGCT-AML5,12.728997,7.9312835
AACGGGAGTAGCTGTT-AML5,11.157208,8.0063715
GATAGAAGTACGGATG-AML5,16.065727,7.1784225
ATGCATGCAAGGCTTT-AML5,12.490429,3.8737311
TCATGGATCTTCCCGA-AML5,11.5014515,6.6635895
CAGATTGGTTCCAGGC-AML5,12.129086,7.6260996
GTAAGTCTCTAACGGT-AML5,14.637124,6.4557114
CATCAAGTCTCAATCT-AML5,13.711026,7.8326917
TGCGACGCAGCGGATA-AML5,14.02974,4.6572657
TACGTCCAGTTCGGTT-AML5,12.980327,6.9469757
AACTTCTCATCGCCTT-AML5,15.109858,6.4830966
GACTCAACAAATGGCG-AML5,13.435032,5.0621967
TGTCCTGTCTACGGGC-AML5,10.32787,7.8050437
CTGTACCGTCGCTGCA-AML5,13.260382,7.606257
CAGGGCTCAATCACGT-AML5,14.937954,6.4222608
TGAGGAGCACCATAAC-AML5,15.864124,6.420238
CTGTATTCATTGTACG-AML5,15.650505,6.417544
TCCACGTGTCGCAGTC-AML5,10.664724,8.023688
AAGCATCCATTATGCG-AML5,13.305414,8.076336
ATGACCACAAATACGA-AML5,12.562532,5.3450255
GGTCACGTCATAGGCT-AML5,11.887149,6.5398445
TGGAGGAAGGCTTTCA-AML5,12.60671,5.3566666
CGGGCATGTCAATCTG-AML5,12.322659,3.5335734
TGTGGCGCAAGGAGTC-AML5,14.848301,7.6301866
AACGGGAAGAGAGTTT-AML5,14.715152,5.094767
CATTGAGGTTAGAGAT-AML5,14.275121,7.60499
ATCGCCTTCGTTACCC-AML5,11.433987,5.599573
TGCACGGCATGGTGGA-AML5,14.239534,6.533669
TGCCGAGCATGAGATA-AML5,13.335878,4.8883247
ACTCTCGAGAGGTCAC-AML5,12.1938925,5.896789
AGAGAGCGTATCACCA-AML5,13.386412,7.423962
TGATTCTCATATCGGT-AML5,12.650022,7.0388937
TGCCGAGTCGCGTGCA-AML5,13.813451,4.9867754
AATGACCAGAGCACTG-AML5,15.677351,6.973896
TCATTACAGCCTCAAT-AML5,13.967142,4.9613786
ATTGGGTCAGATCATC-AML5,13.773436,7.8225102
AGCCAATTCTCGCAGG-AML5,11.4053545,9.495173
AGTCTCCAGCTGAAGC-AML5,14.858168,8.666124
TGTAAGCCAAGGGTCA-AML5,12.27139,6.959252
GTGGAGACATGGGAAC-AML5,11.693206,7.310439
GGGCGTTAGCATCAAA-AML5,14.079292,6.173461
TACGCTCTCCGGCAAC-AML5,12.473356,6.8283973
GCAGTTAGTTCAAAGA-AML5,13.295328,7.944118
AAAGTCCTCCCATGGG-AML5,12.800077,7.5834126
GGAATCTGTGAGTAGC-AML5,14.205393,5.7076044
TACCCGTCAGAAGTTA-AML5,12.877628,6.587235
GCCAGTGCACCTGCAG-AML5,15.097305,5.8337274
TACCCACAGAGTCACG-AML5,14.787521,6.4588656
GTGTCCTGTTTCGGCG-AML5,12.879031,5.907753
AGTTCCCGTCATAACC-AML5,14.967021,7.05753
CTCATTACATGAGATA-AML5,14.444579,5.483667
ACGCACGGTTGCAAGG-AML5,14.966505,5.698812
AGCCAATCACATAGCT-AML5,11.161634,6.8308644
TGGTTAGAGCAGCAGT-AML5,12.165648,8.708178
TGAACGTCATTATGCG-AML5,14.364246,5.1704335
CTACCTGCAAATCGTC-AML5,12.275341,8.314619
GCGTGCAGTCCAAGAG-AML5,12.238394,8.215881
CCGAACGTCGCTTGAA-AML5,11.744063,6.3677926
CACTAAGCACAAGCTT-AML5,12.823632,6.201738
ACGTTCCTCCGTCAAA-AML5,15.2456875,8.0416975
ACCTGAAAGCAGAAAG-AML5,14.851366,5.449641
GATAGAACATGGCCCA-AML5,13.088719,5.7854404
GTGGAGAGTATCGGTT-AML5,11.545339,9.2883835
TACTTACAGACCGCCT-AML5,14.662942,7.36446
CAGGGCTTCTGCGGCA-AML5,14.313285,8.497975
CTAGGTACACAGCGCT-AML5,12.130746,7.861979
ATTTCTGGTCAACCTA-AML5,16.087212,6.6192145
TGCGGGTTCACGGAGA-AML5,14.855116,7.68486
TTGTGTTGTGCAACAG-AML5,13.046188,5.2686872
GACTATGAGAGCAGTC-AML5,12.860503,6.4504976
TGCTTGCTCCACTAGA-AML5,15.19628,6.085379
ATTCGTTGTTTCCATT-AML5,12.797499,7.053964
ATCAGGTAGGTGCTAG-AML5,13.228985,8.201288
CACATGAAGGAAGTGA-AML5,15.147117,6.4149013
ACTTAGGCACAGCATT-AML5,15.092302,7.2786546
ATTCTACGTTGGGAAC-AML5,14.947826,6.3659463
CGGGTGTTCTCACGAA-AML5,11.556945,7.6185803
CTTCAATAGGGAGGAC-AML5,14.701932,5.1025996
GCACGGTTCGGAATGG-AML5,14.842455,7.853563
CCTCACAAGACTAGAT-AML5,13.731789,8.238803
CCATCACAGGCGTCCT-AML5,10.298026,7.6199956
TCGTGCTGTGAGTAGC-AML5,14.8871155,7.3559785
GGGCGTTAGTTGAATG-AML5,12.670594,8.240094
CTGTCGTTCCGTATAG-AML5,12.248041,8.835537
GTTCCGTTCCTTGGAA-AML5,11.921018,6.8201175
GACTCAATCAACTACG-AML5,14.5635195,6.0455227
AGGGAGTGTGCACATT-AML5,16.084602,7.3083572
GGGAGATAGCGTTGTT-AML5,13.415774,8.70731
ATTATCCCATGACCCG-AML5,12.472184,7.9241037
GACGCTGCATGACTCA-AML5,14.341952,5.748207
GGAACCCGTCATACCA-AML5,11.482852,5.6314406
GTTACAGCAATCCTTT-AML5,15.974391,5.598513
AGCGTATCAATGTTGC-AML5,14.590068,7.2412367
ACACAGTTCACGGACC-AML5,12.61694,5.4161773
AGTACTGGTACTGCCG-AML5,13.855105,4.396242
AGAACCTTCGGTCAGC-AML5,11.787161,5.653031
GGTTAACAGTTGCATC-AML5,11.708451,6.3802156
CGGTCAGTCCGAGATT-AML5,13.985074,4.2688627
TAAGCGTGTGTTGACT-AML5,12.437959,8.451302
GCATGATGTTGCAAGG-AML5,14.995538,8.261466
ACATCGATCGGCTTCT-AML5,14.697684,7.765211
ATTCCTAAGCGAGTCA-AML5,14.285064,7.535743
CCACTTGCAAGACAAT-AML5,13.379341,9.3441
ATCCCTGTCACGATAC-AML5,15.239287,7.1499195
TGAGTCAAGTTGTAAG-AML5,10.301221,7.790595
GTAGGTTTCAAGTCGT-AML5,14.669312,5.0968375
GTCCCATGTACGAGTG-AML5,14.297761,5.6257086
CGAGTGCCATCGCTGG-AML5,15.459343,6.671715
TATTCCAAGGGCAGAG-AML5,15.05903,7.73114
GTTGTAGGTAATACCC-AML5,15.458773,7.665741
AGTCACATCTCAACGA-AML5,14.07419,5.5943713
GAGTCTAAGTTTGCTG-AML5,11.177435,6.629334
TGCTCGTTCGTTATCT-AML5,11.393353,6.2168584
CTGCCTATCGGCATAT-AML5,13.95003,7.136073
TGCAGATGTAGGTGCA-AML5,16.097383,6.7330365
ACTTTCACATACCAGT-AML5,11.681949,6.740204
CTGCCTACATCAGCGC-AML5,14.493812,7.18926
GGTCACGAGGTCACTT-AML5,10.362279,7.8727164
TCATTGTGTGGACTGA-AML5,13.324713,9.17453
TGAGTCAAGTAGAATC-AML5,12.763949,5.8902755
TCCGATCAGCTGGCTC-AML5,12.926362,6.8923926
TTTACCAAGTAGAGTT-AML5,10.381773,7.697565
CATGAGTTCTCTCAAT-AML5,13.382684,9.394978
TTCTCTCTCGCAGTTA-AML5,14.230224,8.426673
CGAAGTTCAAGGCCTC-AML5,13.234115,5.9515967
GACCGTGCACAGAGCA-AML5,12.828251,6.6790266
CTCCTCCTCCACACCT-AML5,12.249787,6.7861004
TCATATCTCGCCTTGT-AML5,13.201234,4.8717885
TCAGGGCTCGTTAGTG-AML5,12.316344,8.698778
CAACAGTCAACCCTCT-AML5,13.180712,6.092907
CAACGATGTGACACAG-AML5,14.702455,8.460007
ATGAGGGAGATTGATG-AML5,14.449302,6.287467
GTCTACCAGCTGTTAC-AML5,13.465657,5.039878
TGTTTGTTCGAACGCC-AML5,14.711867,6.2629185
GGTCACGGTACGACAG-AML5,16.264393,6.010403
TCAAGCACACATCCCT-AML5,14.763289,7.161929
TGGTTAGTCTACGGGC-AML5,14.803481,5.9616995
TAGGTACTCGCTTAAG-AML5,11.63798,7.302745
TATGTTCGTACACGCC-AML5,12.31113,6.556486
GGGTATTGTTCATCTT-AML5,16.317728,5.7724752
CGTCAAAAGTTCCGGC-AML5,11.967454,7.710456
TTCCGGTAGCCGGATA-AML5,12.630965,8.268872
GGGTATTTCCTCTTTC-AML5,10.6842165,7.59601
GGTGAAGCACCTCAGG-AML5,12.476391,9.477061
GTTCATTTCACGGACC-AML5,12.117011,4.4848638
TTACGCCAGACTTCCA-AML5,13.808765,6.6763816
GGTCTGGAGGGAGAAT-AML5,12.330485,7.7703886
CTGCGAGTCGCTCTAC-AML5,15.161413,6.325494
TCTCCGAAGCTAGAGC-AML5,13.118682,8.054596
TACCGAAAGCTGACTT-AML5,15.077293,7.8622375
TTTACGTAGTTCGGTT-AML5,12.511153,6.480706
CCTTCAGTCTACGGTA-AML5,14.275534,6.1919956
ACCCTCAGTGGTCTAT-AML5,12.67703,4.9136486
TAACACGGTATACGGG-AML5,16.305841,6.8086905
AATGCCACACGCCACA-AML5,14.894249,8.327893
TCATACTAGCGCCTCA-AML5,13.89053,8.467117
GGGTCTGCACATACGT-AML5,11.737313,7.5714417
GTCTTTAAGTATAGGT-AML5,13.310784,8.4979
CAGATTGCATACAGGG-AML5,15.930142,7.225969
CTCGAGGTCTTCCAGC-AML5,14.51336,8.327549
CATTGAGAGCTCCGAC-AML5,11.325119,9.65028
TCGTGCTGTTAAGTCC-AML5,13.75637,4.6269393
TCTAACTCAATGTCTG-AML5,11.615339,6.824248
AGACACTAGTAAAGCT-AML5,15.868168,7.035669
AACCATGGTCTACGAT-AML5,12.35527,6.729305
AATGACCCACGAAGAC-AML5,11.757792,6.2057595
TCACGCTGTTCGGACC-AML5,13.884555,7.2038774
TCCACCAAGTTGCTCA-AML5,15.3572855,4.858022
TTTACTGAGGCATTTC-AML5,11.682197,5.3202896
TTGTTCAAGGTTAGTA-AML5,14.401673,8.344453
GCAACATGTATCGCTA-AML5,13.334338,5.6478577
TTGCTGCAGCTCGAAG-AML5,13.603465,8.315509
ACGATCAAGTGCTAGG-AML5,15.464721,4.863426
TACTTCAGTGAACCGA-AML5,11.170384,7.8835945
CTTAGGAGTATGTCAC-AML5,10.369875,7.864684
ACCCTCACAAAGTGTA-AML5,14.71953,6.3850284
CCACGTTAGACTCATC-AML5,15.325917,5.4891562
CGTGATAGTGCACAAG-AML5,12.179958,6.8565435
GTCGTTCCACGCGGTT-AML5,12.355883,3.6243618
CATCGCTCATGCACTA-AML5,13.724802,6.311476
TGCAGGCCACCCAAGC-AML5,14.5339775,6.3987794
CTCCGATAGCAATTAG-AML5,13.15451,7.248748
TACCGGGTCGAGAAGC-AML5,14.004432,8.151485
CAAGCTAGTTCTCAGA-AML5,14.149061,4.5700436
CACTAAGAGGACATCG-AML5,13.986538,7.4818845
GGGAGATCAGGAATAT-AML5,12.841082,6.7965016
CCTAAGAAGCGCCATC-AML5,15.236905,5.9217687
TCCATGCGTGTCCGTG-AML5,12.224329,6.723693
CACACAATCCAATCTT-AML5,14.6557455,7.4806485
TTGGTTTAGGGAGGAC-AML5,13.214934,5.2211246
CATACAGTCAACCCGG-AML5,13.26675,8.255987
ATGAGTCTCGAGTCCG-AML5,13.559926,5.0793753
AAGCCATTCGGAAGGT-AML5,14.8910885,8.166862
GCTTCACTCCAGCACG-AML5,13.805175,7.0892196
CTGTGGGAGCACCAGA-AML5,11.184485,7.0736737
GCAGCCATCCAGCAAT-AML5,12.385853,8.567738
CCACCATCATACCGTA-AML5,12.555951,7.46047
AAAGAACAGCGAGGAG-AML5,15.041141,5.458389
CTCCCTCCAACCGTAT-AML5,13.234103,8.537232
ATTACCTCACTGTGTA-AML5,14.9420395,8.276775
CTGTGAAAGAAGGATG-AML5,15.089551,5.4463654
GTCCCATGTTGTTGCA-AML5,14.336152,5.266944
TCATTGTAGCTAGTTC-AML5,14.165139,4.2596035
TCACTCGGTCGCACGT-AML5,11.493687,6.85503
AACCTGACATGATGCT-AML5,15.582394,7.6047177
TTCACGCAGTGCTAGG-AML5,14.485641,7.265716
ACGTACAGTAAGTAGT-AML5,12.83427,5.5561976
CGTAATGTCCGAGATT-AML5,15.279402,5.937298
ACCAAACCATGACAAA-AML5,15.209505,6.6538944
AAGGAATAGAGGCCAT-AML5,13.369341,8.510705
AGCTCAATCCGCCTAT-AML5,15.228792,7.695447
TCAGTCCTCGCCGATG-AML5,12.275702,3.8144326
TCCTCGATCTCCACTG-AML5,14.077661,7.0712285
CTGTAGAAGTAGATCA-AML5,14.569787,5.159773
ATCTCTAGTTCTCGCT-AML5,16.694572,5.8329005
GGGCGTTGTGGTGATG-AML5,14.630694,5.901115
TATCTGTTCTTCTTCC-AML5,14.495628,7.9962525
ATATCCTGTCCACTTC-AML5,14.886163,6.4247165
GTTGTAGCACCCTAGG-AML5,14.091799,7.6263943
TCCATGCGTCTGTGCG-AML5,14.360167,5.9546084
GGAGAACAGGTAGACC-AML5,11.963946,5.702734
CTAACCCAGTAAGGGA-AML5,13.563202,8.340159
GGCTTTCTCGTGGCTG-AML5,12.714911,4.3319097
GGGCGTTGTCATGCAT-AML5,13.990269,5.041877
ACGATCACAATTGGTC-AML5,11.806895,7.9062805
CTAGACAAGACTTAAG-AML5,15.513568,4.9907484
CCCGGAATCCCGTTCA-AML5,15.34145,4.787734
GGAGGATTCTAGTGAC-AML5,13.916221,6.896508
GTCAGCGCATGACGTT-AML5,15.466254,4.883244
TGTCCTGCACATGGTT-AML5,16.706572,5.845261
TGTGATGTCGACCACG-AML5,15.934982,5.9250355
TGTAACGGTTTCACTT-AML5,13.421293,6.267961
TGTCAGACAGCGTAGA-AML5,13.528303,6.3940825
TTTAGTCAGACTCGAG-AML5,11.306227,5.868758
CTCAAGACAATCGTCA-AML5,13.917372,7.2521005
ATTCAGGCACCCTAGG-AML5,12.458291,3.790087
ATGAGGGGTGGGATTG-AML5,13.025645,6.126929
CCCTCAAGTACTAACC-AML5,13.626118,7.7822785
TGCTGAACATCATTGG-AML5,11.574137,7.1667237
CGCCATTTCCTGCTAC-AML5,11.255026,5.9028563
AATGACCCAGTCAGTT-AML5,14.400518,4.160288
CATCCGTGTCTTTCTA-AML5,12.930237,7.824126
GACTTCCGTACCGTGC-AML5,12.836495,7.3905306
AAGCATCGTAACTAAG-AML5,14.405639,6.8628426
CTGTGAATCTACCCAC-AML5,13.815688,7.2011247
CCGGTAGGTGCTGCAC-AML5,13.068768,6.295555
GGTTGTAGTGCGTTTA-AML5,11.807796,7.7495646
CTATCCGGTGGCCACT-AML5,14.055729,6.698142
AACACACCACTTCAGA-AML5,14.614422,6.056543
ATCTTCACATCTGCGG-AML5,10.72956,7.685775
GGGTGAAGTATCCTCC-AML5,15.757631,5.7154455
TCTCACGAGCCTAGGA-AML5,14.844715,5.8699994
TTGCATTGTTGCATCA-AML5,14.431134,8.269429
TCCGGGATCAAACGTC-AML5,12.591622,6.753725
CAAGACTTCTGCGTCT-AML5,16.380215,6.8413053
CTGTAGATCATTGTTC-AML5,14.627392,7.960049
TTGTTCAGTGGTAACG-AML5,14.390662,6.6459084
TCAAGTGCATAAGCAA-AML5,14.417301,5.069352
CATGCAAGTGTCCGGT-AML5,16.00491,7.310765
TTGGTTTAGTGGAAAG-AML5,13.687791,8.649191
AGGAGGTTCAAGAGGC-AML5,15.803549,5.8012657
TCTTAGTCAGTTGTCA-AML5,12.767799,5.222355
TGACGCGCATAGGTTC-AML5,12.6419325,5.3903375
ACACTGAGTTACTCAG-AML5,12.914786,5.4472566
CGGGACTAGAATGTTG-AML5,13.046656,6.2639275
CTGAGCGAGGCTAAAT-AML5,12.547047,6.524702
TCGACGGAGTCCGCCA-AML5,12.978459,6.635222
CTATAGGGTTTGACAC-AML5,11.765191,8.432248
TTTATGCAGTCGAAGC-AML5,11.584533,5.8181396
GGATGTTCATGTACGT-AML5,12.170736,8.295571
ATGAGGGGTCTGTCAA-AML5,14.674676,6.499201
CGCCATTTCATGCCAA-AML5,14.4063,7.2365603
TCGCAGGCAAATCGGG-AML5,14.319005,5.7634363
ACCATTTCACTCAAGT-AML5,12.142274,8.218502
TATCGCCTCCCGTAAA-AML5,13.000721,6.752296
ATTTCACCAAGAAACT-AML5,12.284996,3.524318
GCTCAAACACTTCAGA-AML5,14.1732235,6.6289916
CCCTCTCCAGTCGAGA-AML5,15.814546,6.6979766
TGCGGCAGTACCCGCA-AML5,14.655793,5.849383
AGTTCGAAGATACATG-AML5,14.770397,5.1428547
CCTCATGTCCACATAG-AML5,12.505451,7.543411
CTGAGGCCAGGCTCTG-AML5,13.572374,5.7814507
CGAAGGAGTAACTAAG-AML5,14.485979,6.868632
GTGTTCCTCAAATGAG-AML5,13.776261,5.9157057
CATCCGTTCCTCAGAA-AML5,15.25114,4.8576975
TGTGATGCAGCCTATA-AML5,14.453374,6.1575336
GATCATGGTTTGCAGT-AML5,12.528776,7.2734666
AGCCAGCGTGCTGATT-AML5,14.210432,4.971854
GGAGATGAGCCAACCC-AML5,13.923068,9.002215
ATTGGGTCATGTTCAG-AML5,11.48578,6.851872
GGTAACTGTTCATCGA-AML5,12.3639555,5.2768564
GTAGGAGCAGCGGTCT-AML5,13.840389,8.060668
CGTGAATCACTCCTTG-AML5,13.927036,7.0790586
ACGTAACTCGCCTCTA-AML5,16.716753,5.879198
ATCGCCTGTTGACTAC-AML5,14.216597,5.4097695
CAATCGACATGTGACT-AML5,13.298698,5.502945
ACTTAGGAGGTGGCTA-AML5,13.342343,7.1181464
GACCCAGAGTTGCTCA-AML5,11.797243,6.8309727
ATTCCCGTCAAACTGC-AML5,16.369991,7.140347
GGTCTGGAGACCATTC-AML5,12.388085,8.332254
AACCTGAGTCGATTCA-AML5,12.81242,6.8698535
ATTTCACAGGTGCCAA-AML5,12.550626,3.8275423
ATAGAGAGTGCTAGCC-AML5,13.976376,8.967546
GGGTGAAGTCCTTAAG-AML5,13.045717,5.3196855
TACCCGTTCCAGTTCC-AML5,14.297879,7.099731
GCTGGGTCAGTTGCGC-AML5,11.892114,7.5981617
GCTACAATCGGCTCTT-AML5,13.634261,5.9069786
ACACTGAGTCGGAACA-AML5,15.083544,6.033186
AAGCGAGTCCACGAAT-AML5,12.45449,7.042762
GCACGGTAGAAACTCA-AML5,14.598146,6.846594
TGTGAGTCAGGGAGAG-AML5,12.448521,6.260011
TTCGATTAGCAAGCCA-AML5,10.680466,7.947947
TGTTGGAGTCGAATTC-AML5,13.062833,7.190707
GAGACTTCAGCAGTGA-AML5,15.15791,5.6642084
TCAGCCTCAGGTTCCG-AML5,4.5621724,8.39531
AACCACAGTACAGTCT-AML5,13.748189,6.457841
GATGACTCAAGAAACT-AML5,13.713121,7.148758
GTCATCCAGTGCTCAT-AML5,16.104445,6.577597
CATGCAATCGACATCA-AML5,14.743242,5.7097783
CTACAGAGTTAATCGC-AML5,15.5343275,5.12594
AAAGGGCAGGAAAGTG-AML5,13.30543,8.740323
GAACTGTTCTGTCGTC-AML5,11.898889,7.962575
TATGTTCGTCTAACTG-AML5,16.328234,6.84981
CGGAGAAAGTAAGGGA-AML5,16.25098,7.245612
ATTGTTCCAGTCGAGA-AML5,15.33505,7.6308
AGTTAGCGTCGTATGT-AML5,12.510746,7.982967
GTGTTCCAGGTGGTTG-AML5,10.945143,7.8696623
AGTTAGCTCCAGCAAT-AML5,16.061167,6.072254
GTGTTCCTCGAGTGGA-AML5,13.229063,5.038178
ATGCGATAGCTAATGA-AML5,14.814179,8.267657
TTCACGCAGGTTCCAT-AML5,14.687152,7.203155
TTCAGGACAAACAGGC-AML5,14.519658,6.4846735
CCTCAACCATGTGTCA-AML5,12.367473,6.339974
CCCTGATGTGTCTAAC-AML5,11.536022,5.9282193
ATGGATCTCTACTATC-AML5,12.351409,7.8472776
GAGTTTGCACTGGCGT-AML5,14.263678,5.5619955
GAGAAATGTGCATTTG-AML5,12.684429,8.364633
GAGTTGTTCGTCGCTT-AML5,15.565567,5.003594
CCTATCGTCCGTTGGG-AML5,12.623057,8.328079
GTGCTTCTCACTTTGT-AML5,12.791574,6.913382
AGGTTACTCGGTGTTA-AML5,12.509944,9.443641
GCCAGTGTCTGAATGC-AML5,13.160844,5.2572494
AAACGAAGTAATGTGA-AML5,13.397821,8.535478
TTGGGATTCATCACCC-AML5,14.269455,3.8536484
ATACCGATCGGCTGAC-AML5,16.23743,6.876963
TGATGGTCACGGCTAC-AML5,11.783823,7.129817
CAGCACGCATCTCCCA-AML5,14.245331,6.7507935
TCCCAGTAGAAGCGGG-AML5,15.242601,5.891329
AATGAAGAGCGTGAAC-AML5,13.805784,6.586075
GTGTGGCAGCAGGTCA-AML5,16.661633,5.878377
CCTGTTGGTAGCTCGC-AML5,12.143794,6.6922183
CTTTCAAGTTTCACAG-AML5,13.800753,5.8723254
TACGGGCCATCATCCC-AML5,13.857926,5.647283
CAGCAGCAGCTGACTT-AML5,13.236151,6.63306
TTACCATAGCGTGTTT-AML5,12.808919,6.086508
TTTGATCAGTCACGCC-AML5,14.814341,6.1247272
ATTCAGGCAGGAGGTT-AML5,12.334533,8.578515
TTGTGTTGTTAAGGAT-AML5,12.787528,8.735622
TTCCGGTGTTACTCAG-AML5,13.326174,7.709642
TCGGATAAGTACGTCT-AML5,12.779157,6.7109623
TTGTTTGTCGTGGCTG-AML5,12.769221,5.858382
CGTCCATCAGCCCAGT-AML5,12.445079,5.5497084
CATAGACCAACTCCCT-AML5,11.06522,7.0063868
GGTTGTATCTTTCCGG-AML5,14.31334,8.37459
ATGCATGTCTCCTGCA-AML5,11.525417,5.9900513
TACGGGCGTTCTTCAT-AML5,12.839379,5.698379
CAGGTATGTGTTTCTT-AML5,14.082471,4.2173657
CTTCAATCAGAGCTAG-AML5,13.398364,6.41391
CCTCTAGGTATCGAGG-AML5,12.267605,7.839783
ATTCGTTGTACGAGTG-AML5,11.160062,7.3350983
GCATCTCTCGAACGGA-AML5,14.528189,7.8608065
ACTATCTAGTCGCCAC-AML5,14.490702,8.357413
TCATCATCATATGGCT-AML5,14.422759,8.458075
CACACAAGTCAGGTAG-AML5,13.352166,9.191374
CACTGAAGTACGACAG-AML5,12.153468,8.445811
CCTGCATTCAGCTCTC-AML5,11.320876,9.6456175
TACCTCGTCGGTTAGT-AML5,15.036997,6.458388
CACACAAAGATCCCAT-AML5,13.893514,7.635097
GTAGATCAGCCTCAGC-AML5,13.868089,6.9157376
TGAGGTTTCACTGGTA-AML5,12.818296,6.042648
AATCGACTCGTTGTAG-AML5,15.599702,4.812355
AGCGTATCATCGTGCG-AML5,14.315153,5.239682
TTCTTGAAGCGAATGC-AML5,13.44423,8.694256
TGTCCCACACACGCCA-AML5,13.255801,6.648901
AATGGCTCAAATTGGA-AML5,15.045224,8.371693
TACGGGCAGTATTGCC-AML5,11.78626,5.3328056
ACTGATGGTGTGTGGA-AML5,11.861002,6.5296493
CGAGGCTAGAGCCGAT-AML5,13.276711,7.4519134
GGGTGAAAGGGCAATC-AML5,15.419784,4.9098487
GGGTAGAAGAGTGGCT-AML5,13.140075,8.501006
CATGGATGTGAACTAA-AML5,11.8801565,8.047383
GTAATCGTCCTTTGAT-AML5,13.405805,7.4438987
AGTGATCAGATTAGTG-AML5,15.887578,6.793258
ATTCGTTTCACGATCA-AML5,13.254826,5.225365
CTCAACCAGGGTACAC-AML5,14.20851,7.7468514
TTGGGCGTCTGAACGT-AML5,14.965048,6.067
ACAGAAAGTAAGATCA-AML5,13.920253,6.493275
TTATTGCTCAAATAGG-AML5,15.794684,5.117951
TCACGCTTCAACTGGT-AML5,12.732299,5.691361
CCCTAACCACTCCTTG-AML5,10.449418,7.800193
CTATCTATCAGACTGT-AML5,11.474287,9.544721
GAGACTTTCCTTACCG-AML5,12.817417,6.2627587
TTCTTCCAGCCGATTT-AML5,11.3886,5.7369375
CGAATTGGTCGAACAG-AML5,11.95361,8.370125
GTTCATTAGGGCGAAG-AML5,13.740461,6.711042
TGATGCAAGCGCACAA-AML5,16.797817,6.01595
GAACGTTAGAACGTGC-AML5,12.86946,8.336888
CACAGGCTCTAGCCAA-AML5,14.598399,8.071341
TTGAACGAGGACTATA-AML5,13.981194,8.711766
GCCATTCAGAGCTGCA-AML5,14.447935,7.224124
TTTCACAAGTTGGCGA-AML5,13.962134,4.403212
AGCCAGCTCGCAGTCG-AML5,15.066558,6.0345592
GAACACTAGAAGCCAC-AML5,15.167144,6.042209
CACGTGGGTACAAAGT-AML5,11.653478,7.3971024
CTTCAATGTCGGTGTC-AML5,13.8037615,4.4493327
ATGAAAGCAGGCGATA-AML5,15.140101,6.552447
CGGGTGTTCAAGCGTT-AML5,13.164286,5.3318686
GTAATCGTCCTAAGTG-AML5,16.099556,7.2262316
TCACAAGAGTCGAGGT-AML5,16.680603,5.8901067
GAAACCTAGCTCGTGC-AML5,12.517611,5.4053025
GGGCGTTCACTTGACA-AML5,15.009079,4.936053
GTAGTACCATGGCTAT-AML5,14.428749,7.067107
AAAGAACGTGTCGATT-AML5,14.048866,4.3330464
GATAGAAGTGGCAGAT-AML5,12.134613,5.942085
AGATCGTTCGACTCCT-AML5,12.027861,7.7074485
ATCACGAAGACTGGGT-AML5,12.028893,6.2707334
TCAGTCCCAGAATGTA-AML5,12.950938,7.4941607
CTTCGGTCAGGACTTT-AML5,12.106941,7.1704507
TGCTCGTCACAGTGTT-AML5,13.237396,5.067148
AGGTCATAGGACATCG-AML5,13.809981,7.00131
GTGTGGCAGCCTAGGA-AML5,16.574543,5.8015347
TTGACCCAGCAGTAAT-AML5,12.547205,9.312005
CATGAGTTCTAGCATG-AML5,13.907948,8.670715
CCATCACTCCCTCGAT-AML5,10.327437,7.841671
ATCATTCAGCGCCTTG-AML5,16.543602,5.942526
AATCGACAGTCACACT-AML5,15.103867,6.3330336
GACTCAACATGTGCCG-AML5,16.352236,7.2092714
CCTAACCGTCTACGAT-AML5,14.103009,5.761193
GCACTAATCACAGTGT-AML5,13.488748,8.57561
GAGATGGCACTGGCGT-AML5,12.4739065,6.2756896
CTCAGAAAGTACAGCG-AML5,13.570911,5.316676
GTCAAACAGGTCACAG-AML5,15.27386,5.2924156
AAGATAGAGGCTGGAT-AML5,12.901742,4.26421
TGAATGCGTCGGTGTC-AML5,15.24834,7.9012194
GATAGCTAGGCAATGC-AML5,13.824959,6.669966
GTGTTAGCAAGATTGA-AML5,11.349737,9.584904
TCAAGACTCAAACCCA-AML5,13.459111,8.497649
ATGCGATGTAGCTAAA-AML5,15.991592,6.5024514
TTCGGTCTCGCTGCGA-AML5,13.85072,8.554999
ACCATTTCATGGCTGC-AML5,14.664656,8.427114
CCAATTTTCACCGGGT-AML5,13.978183,7.5428967
GCCATTCCACGACCTG-AML5,13.924711,4.8133893
AGTTAGCTCGCATTGA-AML5,12.237136,8.61569
GTGGCGTCACTCCACT-AML5,12.811166,8.591664
CATTGTTTCTGTGCGG-AML5,11.8972845,7.5691123
GAATAGAAGACCGTTT-AML5,13.504844,5.6457696
GTTACCCTCCCAGGAC-AML5,12.367677,7.6068034
TAGACTGGTCGAGTGA-AML5,12.349469,7.8103046
CTTCGGTCACAGCCAC-AML5,16.383797,6.914876
CGGAGAATCGAACGGA-AML5,12.085172,5.9638257
GTTGAACGTATTTCGG-AML5,12.865259,5.3460846
TACTTACCACCTTCGT-AML5,11.459522,6.8309216
CACACAACAGACCAAG-AML5,14.977056,8.016144
TAACTTCTCATGGTAC-AML5,12.583174,7.649407
CTCAGAATCTAACACG-AML5,14.360171,6.6279855
GACTTCCAGCCAGTAG-AML5,12.169371,7.239568
TCTAACTAGAAGCGCT-AML5,15.06835,5.4229918
CGGGCATGTCTTACTT-AML5,14.8182125,6.2604775
AGGACTTTCAAGTCGT-AML5,13.990292,8.95653
GTCACTCAGTGTAGTA-AML5,13.108264,8.661398
GTAAGTCAGGTTCTTG-AML5,14.110866,7.762935
TGATTCTTCCTAGCCT-AML5,12.71584,6.8115215
CTTACCGCACCGCTAG-AML5,14.372206,6.786304
TCACTATTCGGTCAGC-AML5,14.026698,5.493116
CCGGTAGCAGAGCGTA-AML5,15.279012,4.8237505
GATTCGAGTCGCACGT-AML5,12.010728,6.7920017
CTGGCAGCAAATGATG-AML5,15.082892,7.7849092
AGGAAATAGGCATGGT-AML5,12.527885,6.3295054
ACTTTGTGTGTGAATA-AML5,12.520624,5.362761
CGAGGCTTCAGCGTCG-AML5,11.351083,5.642498
CTGAGGCGTCGCTCGA-AML5,10.513617,7.8148437
TTGCCTGGTCGAGCTC-AML5,12.347422,6.165067
CACTTCGCATCTCAAG-AML5,14.554359,5.3086505
ATGGAGGGTTAGTTCG-AML5,12.908721,7.375705
GATGCTAGTGTGATGG-AML5,12.982376,6.9484634
TCACTATAGGCTGTAG-AML5,15.532458,5.0187654
TTCATGTAGCTCCCTT-AML5,12.643497,8.434409
TCCTCGACAAGGTTGG-AML5,12.571904,5.4382463
TTCCAATTCCTCACCA-AML5,13.542835,7.2558603
TCGCTTGGTGGAAGTC-AML5,13.26577,6.086739
ACAGAAAGTATGAGGC-AML5,11.805294,7.8808923
AATCACGAGTCCCTAA-AML5,14.23433,6.8085575
ACTTTGTAGACCGTTT-AML5,13.56005,7.2640405
TATCCTATCATCACTT-AML5,11.897824,5.6153617
GGGTTATTCGGTCACG-AML5,12.761402,3.941037
TCCTTTCAGAGATGCC-AML5,12.102249,5.476151
CGGGCATAGATTGCGG-AML5,13.669928,6.4180717
ACATCCCCACGTCATA-AML5,12.30395,3.913741
TTCCGGTAGAGCATAT-AML5,13.210125,6.2045164
ATTCTACCACATTCGA-AML5,14.604361,5.961044
GGTTAACCACACCGCA-AML5,14.810169,6.6833405
AAAGTCCGTTGCTGAT-AML5,11.591028,5.7023463
TTCCTAATCGATCCCT-AML5,13.921904,7.958757
TACGGTAAGGATTCCT-AML5,11.822839,6.8211594
GCCAGCATCTCCGAAA-AML5,14.494485,6.4625793
GTAATCGCACACCTAA-AML5,11.025612,7.64436
ACAAAGACACTCCGGA-AML5,13.825466,7.327827
TCGACCTAGTAACCTC-AML5,13.805609,7.8581214
CTGTGAAGTGGGTATG-AML5,12.196735,6.227758
TTCCTTCCAATCGCCG-AML5,12.83033,7.3332343
TGGATGTGTCCTTGTC-AML5,11.979832,6.629
TCCTGCAGTAACCCTA-AML5,14.176608,8.239907
ATTCACTCAAATCAGA-AML5,14.811307,5.685911
CATTGAGGTTTATGCG-AML5,12.600897,8.267506
ACGGAAGCATGGAAGC-AML5,13.348592,7.6389
AGAACAACATGACTCA-AML5,14.104348,7.8004045
TCGGGTGAGCGACTGA-AML5,13.84536,8.453563
GTCGTTCCAACACGAG-AML5,14.163646,6.0161757
TGTTCTACATTAGGCT-AML5,12.389104,6.535617
TGGTAGTTCGTAGCTA-AML5,13.491702,5.959762
ATGAAAGGTCACGCTG-AML5,13.234874,6.989051
CTTCGGTTCGTTTACT-AML5,16.583057,5.8382783
TCAGTTTGTACGTAGG-AML5,13.351278,5.5037937
GGCGTCATCGACTCCT-AML5,11.771999,5.5646267
CGGCAGTCACGACCTG-AML5,12.710755,6.6900268
CCTTGTGTCACGGACC-AML5,11.690367,7.598694
GGTGAAGTCCAAGCAT-AML5,16.058146,6.466472
TCCGATCAGATCGGTG-AML5,11.267276,9.704023
GATTTCTTCCACTTTA-AML5,12.478043,4.101095
AGAGAGCAGTATCCTG-AML5,11.650657,6.6943116
AACCCAACAAATGCTC-AML5,12.465203,7.232106
TCCGATCAGATTGAGT-AML5,13.528415,9.037751
TGATTCTGTGTCTTCC-AML5,12.780878,5.4964237
GACTGATTCCGTGTGG-AML5,14.469142,5.3217716
CAGCCAGCAAAGCAAT-AML5,14.494272,5.422267
TCAGTTTCACCTGCTT-AML5,12.332553,9.087087
CCACAAATCTCACGAA-AML5,13.83968,7.7503743
GAGTTTGAGAGTGACC-AML5,12.851178,5.9925056
GTAGTACGTTCTGAGT-AML5,14.560436,8.326745
AGGAATACATTCTGTT-AML5,11.337284,9.634613
AGTGACTGTGTGCCTG-AML5,12.210518,8.562458
TCTATCAAGTTGGAAT-AML5,13.0986185,5.9528575
CGAGGCTCATGACTAC-AML5,4.567964,8.393843
CGAATTGTCGGTAGAG-AML5,14.259333,3.8207405
ATCGTGACATAGAGGC-AML5,11.739629,6.376206
TTTAGTCTCCAGGACC-AML5,11.297579,9.675362
CGAAGTTCATGTTACG-AML5,15.17055,7.3559203
GTGTGATCACTGAGTT-AML5,11.637137,7.7804613
TGGGCGTAGATGCTAA-AML5,11.871849,7.715988
GTCATTTTCCCTCTAG-AML5,14.9790535,6.2989554
TCATCATGTGAACTAA-AML5,13.861037,8.035493
TGACTCCCATGTGCCG-AML5,16.06871,6.0375338
CACGAATTCAGTGTTG-AML5,13.534557,6.9631925
GGAGGTAAGCTACGTT-AML5,14.900125,7.9305005
ACCTGAATCATCGACA-AML5,14.816231,7.551512
TCAGTCCTCCACGTAA-AML5,13.501964,7.1665807
AACAGGGCATGGAGAC-AML5,10.367007,7.833691
CATCAAGAGCGTCTCG-AML5,11.057797,6.863822
CTGTGAACATTACGGT-AML5,11.102778,5.619694
GACCGTGAGTAATTGG-AML5,12.4641485,7.553699
GGTGTCGTCCCACAGG-AML5,12.4910555,7.1620145
TATTTCGTCTCTCCGA-AML5,11.060753,6.7056136
CCGGGTAAGAGTGGCT-AML5,14.759149,7.013545
ACTTATCGTCTTAGTG-AML5,13.998093,6.9675064
TACGGTAAGCTGCCTG-AML5,13.117702,8.480635
GATGCTACAGTGACCC-AML5,15.0766325,7.401666
CACCGTTTCTGCACCT-AML5,11.818305,7.634503
ACGCACGTCCGTGGTG-AML5,13.971992,8.990958
TCTCTGGCAGAGAGGG-AML5,13.332781,9.039635
GAGTCTAAGTTCCTGA-AML5,11.885764,6.3733034
AGGATCTAGGGAGTTC-AML5,14.488516,5.749146
GAAGCCCCAGTTAAAG-AML5,13.809973,5.9546623
GTCATCCAGGAGTCTG-AML5,13.416681,5.831326
TGCATCCCAGCAGATG-AML5,14.7369585,5.479801
GACCCAGCATACCAGT-AML5,12.560245,9.17032
AAACGAACATTAAGCC-AML5,15.329212,5.222323
GTATTGGTCGACCATA-AML5,10.500338,7.730648
TGATTCTGTGGAGAAA-AML5,13.409373,6.2721434
ATTCGTTTCATACGGT-AML5,13.649567,6.539223
TGTTGAGGTAGGAGTC-AML5,15.311927,6.4479384
TGTGTGAGTACGAGCA-AML5,11.623292,5.366009
AGGTAGGAGAGATTCA-AML5,14.320336,6.221189
TTCATGTCAAAGAGTT-AML5,15.413863,5.2359786
AGGTCTAGTAGTTACC-AML5,11.491345,8.112885
CTTCTAAGTAGGACCA-AML5,13.07171,6.8746023
ATAGAGACATGACGAG-AML5,13.919172,5.8936505
ACCAAACTCTGAATGC-AML5,12.84243,5.75499
AGGTGTTCAGTCGGAA-AML5,12.118429,8.254221
TTCTTCCTCCAGGACC-AML5,12.705087,7.868651
TACGTCCCAGGCTCTG-AML5,13.975406,5.5007644
GGTTGTACAAGTCCAT-AML5,12.336298,6.1121073
GCATCGGTCATTTCGT-AML5,13.622759,5.6173162
GCTACAATCAATCTTC-AML5,12.596287,8.147218
GGACGTCCATCCTTCG-AML5,14.099999,4.024437
CCACACTGTAAGTCAA-AML5,14.442157,8.111259
TCGTAGATCGTTCTCG-AML5,12.984746,5.0420213
TGGGATTAGGCAGGTT-AML5,13.353014,6.115065
GCTTCACTCACGTAGT-AML5,14.381941,4.53229
GATTGGTCAAATCCCA-AML5,14.305843,5.205084
ATCCGTCCACGATTCA-AML5,15.089723,4.998466
ATTCTTGAGGGAGTGG-AML5,12.494696,7.573723
GAGTTACAGTCTGGTT-AML5,10.302121,7.914256
GCAGTTAAGCGAGTCA-AML5,11.437025,6.705069
TTCTAGTCAGCTTCGG-AML5,11.831338,7.258914
CACGTGGTCATAGAGA-AML5,13.366235,9.398473
CACCGTTGTAGCGCCT-AML5,13.036426,5.9829454
CATCGGGTCACCCTTG-AML5,14.170353,7.3053
GCTGGGTAGGTGTGAC-AML5,13.821982,6.781984
TATTCCAAGCTTTCCC-AML5,14.087477,6.956082
ATTGGGTCACCAAATC-AML5,15.620473,5.440957
TTCAGGAAGCCGAACA-AML5,11.094215,6.6909485
GGTGGCTGTGTCCTAA-AML5,12.971941,5.7542906
CATAAGCTCCACTAGA-AML5,15.035368,7.7459426
CCTCACAAGTATGCAA-AML5,12.921857,6.3195148
TCATGGAAGAGTCTGG-AML5,13.4933,5.3780785
GCATCTCGTAATGCTC-AML5,15.431914,6.045839
ATCCGTCCAAGGTCGA-AML5,10.968653,6.666705
GCGGAAAAGGTGCGAT-AML5,16.656925,5.9241843
GCATTAGAGAGTCTTC-AML5,12.386254,7.102574
CTACATTCACTTGGGC-AML5,11.58956,7.099786
TAACACGAGGCAGGTT-AML5,14.139251,5.913536
TTGCCTGGTCATCAGT-AML5,11.874174,5.279391
GCTGAATTCGCCATAA-AML5,14.4022,7.1835485
TGAGGGAAGTTCCGTA-AML5,12.485217,6.307234
TCCTCGAAGGGAGGTG-AML5,13.755686,6.7824697
CACACAAGTCGTTCAA-AML5,13.600253,6.864223
CATCCACAGCACCCAC-AML5,14.650237,4.9884377
ACATCGATCCTGATAG-AML5,12.454381,3.7533388
GATAGCTTCAGAGCAG-AML5,13.273565,5.050236
TTCCTCTGTGCAGGAT-AML5,13.040365,7.5453334
CACTGGGCACATAGCT-AML5,11.366356,5.9457493
AAGTACCGTGTGGACA-AML5,12.440756,5.255021
AGATGCTCAATACAGA-AML5,15.207892,6.4802885
ACGCACGAGAGCAGTC-AML5,12.61038,5.0429664
ACTTAGGCAACGATCT-AML5,14.927231,4.793495
AACAAGATCACGTCCT-AML5,14.882101,7.5796247
AAAGGTAAGGCGTTGA-AML5,12.718293,4.0261555
CTACATTCAAGAGTGC-AML5,14.49332,7.9185004
AACTTCTGTCGGTGAA-AML5,15.231482,8.053279
TAGTGCATCATGAGAA-AML5,12.329349,6.8141317
AAACCCAGTTGCCATA-AML5,12.033352,6.554687
TCCGATCCACCTCGTT-AML5,12.634896,6.776607
ACAAAGATCGTGTGAT-AML5,12.642245,5.856025
GTTAGACAGCGATGCA-AML5,11.169096,5.6463814
GTGTGGCTCCATAGGT-AML5,14.612138,6.9778724
AGCCAATTCCACGTAA-AML5,12.289271,7.8818045
AGTTAGCCAGCTGTTA-AML5,15.209695,5.9418573
TTTACGTCAGTGTGCC-AML5,13.769953,5.4967513
CTTCCTTCACCACATA-AML5,16.244396,6.7870736
GTATTGGGTCGAAGCA-AML5,11.316695,5.451386
TCGGGCAGTCGAACGA-AML5,11.79168,6.8758307
GTCGTAATCGATTGGT-AML5,12.047342,6.621947
GGTAGAGGTAAGAACT-AML5,14.075176,7.2304416
TCTTTGAAGTAATACG-AML5,12.880714,7.4718833
TACACCCGTTTCGACA-AML5,13.080363,4.7904043
ACAACCACAGCTGAGA-AML5,16.370325,7.0429087
GCCATGGGTTCAGTAC-AML5,11.888322,6.7411847
GTTGCGGGTGCTCTTC-AML5,12.289572,3.8989782
TGTAACGCAGTTAGAA-AML5,11.246504,5.535525
GTTACCCTCATCTCTA-AML5,12.837369,8.143506
ACAACCAGTGAACCGA-AML5,13.700999,6.5428715
CGATGGCGTTATGTCG-AML5,15.363909,6.2560835
TTTGATCCAGATACTC-AML5,14.237537,8.777509
AATGGCTCACCGTCTT-AML5,14.422231,8.003528
GATGGAGGTAACACCT-AML5,13.944869,8.709551
ACGTAACGTGCCTAAT-AML5,12.569285,5.988045
CATCGTCCATGGCTAT-AML5,12.861787,7.4712167
GCCAGGTAGCGTTGTT-AML5,11.3489685,6.410819
TAGACCAGTCTGCAAT-AML5,11.8818035,5.8378677
TAGACTGTCCGAGAAG-AML5,14.587483,4.9499383
ACGGTTACAAGACCTT-AML5,14.927758,6.017813
AGTGTTGAGTGAATAC-AML5,12.542942,4.0254683
TCAATTCAGGTGGTTG-AML5,12.611941,9.143159
TTACGCCAGCGCCCAT-AML5,14.50637,4.3628364
GTAAGTCTCACTGATG-AML5,13.259084,7.178938
ACGGAAGTCTACTCAT-AML5,16.110678,5.8726563
CTACTATCAAGTGGGT-AML5,11.804858,6.7834673
GCAACCGCATATCTCT-AML5,12.33271,3.538442
GCGGATCCATCTCGTC-AML5,14.796905,5.5332036
ACAACCAGTGAGTAGC-AML5,12.917047,7.932585
AGAGCCCCACGTCGGT-AML5,13.38289,7.1536984
CTTACCGGTAGATCGG-AML5,14.270477,8.595036
GGGTCTGCACGGGTAA-AML5,14.1051855,3.9016101
CAACGGCTCACGATAC-AML5,12.382404,3.8803127
CCGATCTTCACAACCA-AML5,12.71316,5.1807227
AGGTGTTCACTCCGGA-AML5,11.858694,5.6343393
CAGCCAGTCCATTGTT-AML5,15.095145,5.4189076
GACCGTGGTACTGCCG-AML5,12.338516,6.1956654
TGGGATTCAGCGGTCT-AML5,14.960435,6.7483497
TCACTATCAATGAAAC-AML5,10.389729,7.880194
AGCTTCCAGGAAAGGT-AML5,12.412003,3.815434
TCAGGGCCACATCCCT-AML5,13.953948,5.8214836
CCAATGATCGCCATAA-AML5,12.201362,7.4082155
TGTGGCGCATTCGATG-AML5,14.114244,5.018532
GATTCTTGTGCAGGAT-AML5,12.739706,7.4418545
GAAGCGACATCGTGCG-AML5,12.636075,7.4270616
TGCTCGTGTATGAAAC-AML5,11.123696,5.7153335
TGGTGATCATACACCA-AML5,12.405814,6.2646255
ACCTACCAGGTTAGTA-AML5,15.130384,4.9473424
GGATGTTGTCAAACGG-AML5,13.55257,8.120911
GTGAGTTCAGAATCGG-AML5,14.144029,8.861951
TACCTGCGTAACCCTA-AML5,11.534809,5.423194
CAGATTGAGCAATAAC-AML5,14.261664,6.102832
CACCAAACAGGTGTTT-AML5,14.259419,5.1157465
GGTTGTAAGAGGGTGG-AML5,13.714434,6.0864625
CCACAAATCAGCTAGT-AML5,12.016708,5.5976334
GACCGTGAGCTATCTG-AML5,16.22129,7.0605855
TTCTAACTCTATACGG-AML5,14.798317,7.4089947
GACTGATAGTTCCGGC-AML5,16.261965,7.0649333
GTGAGGAAGTGCAAAT-AML5,14.292668,8.079122
TAAGCACTCATGCCCT-AML5,12.652497,5.2075524
TGTCCACCACCGTGCA-AML5,11.929776,7.5733805
TCCGTGTCATTCTCTA-AML5,11.316731,6.351261
CAGTTAGCACTACGGC-AML5,12.072122,7.7871566
TCCTGCAGTAACAGTA-AML5,14.756562,6.8148847
TTACCGCTCGCTACAA-AML5,14.641569,6.6701612
ACACCAAAGATACGAT-AML5,14.719575,8.502026
TCAAGTGCATGAATCC-AML5,12.688851,5.3141065
TCGAACATCCGACAGC-AML5,13.978512,6.4206285
CACTGGGCAGGTTCGC-AML5,13.474727,6.366897
AGTCTCCCAATAACGA-AML5,10.91257,7.4104824
GGCACGTTCCATAAGC-AML5,4.554428,8.3953905
TCCGATCCACCGGAAA-AML5,14.725313,6.9486585
TGGGCGTAGGCGCTCT-AML5,12.075411,6.879439
TGGGCGTAGGTGAGCT-AML5,14.704777,7.5505896
CTGTGAATCCTATTTG-AML5,12.573446,7.020422
CAACCAAAGACCTTTG-AML5,13.955646,7.4864025
AAGTACCAGATTGTGA-AML5,13.222389,7.5135574
GTGAGCCGTGCTGTCG-AML5,13.591464,7.7270646
AATTCCTCAAGGATGC-AML5,11.626534,6.4830627
CCTAACCGTGGGACAT-AML5,14.193361,5.7622
TTTCCTCCACAGGATG-AML5,12.827658,7.365991
CATACTTCATTAAAGG-AML5,12.198651,5.5787745
CTACTATAGTTGCCTA-AML5,11.7295,6.833575
AGCGCTGGTTCCAAAC-AML5,14.30007,8.00689
TAGAGTCAGGCTATCT-AML5,13.932654,4.336474
CTGAATGGTGCTGCAC-AML5,14.859447,8.122713
GAGTCTAGTACTGCGC-AML5,11.830788,8.342372
GTTGTCCTCTGGTGCG-AML5,13.827042,7.922605
TCATCCGAGACATCAA-AML5,14.499848,6.9854326
TTGCGTCTCCCGAGAC-AML5,14.322558,8.50232
CACTGTCAGGTCACTT-AML5,14.546791,9.084194
AGGCCACCAGTTAGGG-AML5,12.210912,6.946133
AGTAGCTAGATCGGTG-AML5,13.134773,7.9582295
AGACTCACAGGCTACC-AML5,13.925698,4.3047295
CCCGAAGAGGTTACAA-AML5,13.217172,7.3172007
CTGAGGCAGCACTCAT-AML5,14.34754,3.9774048
GTAGATCAGGTGCATG-AML5,14.448626,5.70102
CTGGTCTGTTTACTTC-AML5,13.367757,8.098003
CTCCTCCCAGGTCTCG-AML5,13.877959,6.0811696
GACCCAGCAACCTAAC-AML5,14.949161,6.6472707
CCCTTAGAGATCGGTG-AML5,14.152806,7.455544
ACGGTTAAGAATTCAG-AML5,13.478724,8.484009
GAACGTTAGGACCCAA-AML5,14.033402,6.512978
AGCTACACAGTTCACA-AML5,13.087162,6.7381477
GGATCTAAGTGCACAG-AML5,12.664186,7.0145516
TTCACCGTCCATCTCG-AML5,14.1413765,6.3265295
AATTTCCTCAACCTTT-AML5,12.5663185,7.5261617
ACGGTCGCACACTGGC-AML5,13.665011,6.616426
AGTTCCCCATAGCTGT-AML5,15.247584,7.5874434
GAAGTAATCCATTTGT-AML5,14.063809,7.41313
TCTGTCGGTCAGCTTA-AML5,11.692873,7.6606755
CGGAGAAGTTGCAAGG-AML5,11.086413,5.6429296
CAGAGCCGTATGCGGA-AML5,12.67113,6.38314
TCGGTCTTCTGGTTGA-AML5,12.987253,6.0410404
GACGCTGGTATTGGCT-AML5,11.752999,5.9062996
TATATCCCACACGTGC-AML5,14.857154,6.0978713
AAAGAACTCCAGCCTT-AML5,12.118145,7.280667
GTCCACTTCCGTTTCG-AML5,12.246127,7.335844
GTTACAGCAACCTAAC-AML5,13.461008,7.253973
GTAGAAAGTAGGTGCA-AML5,12.595313,8.050835
TGATCAGCATACGCAT-AML5,12.805599,5.613582
CATGAGTGTTGTGCCG-AML5,14.308989,7.451356
TTGTGGAAGTTCTCTT-AML5,12.321585,3.5062935
CTGAGGCCATGTTTGG-AML5,12.208652,6.026687
CTACAGAAGTGATAAC-AML5,13.287847,6.7585874
ATGCATGAGCGGCTCT-AML5,12.474819,9.472222
AGGTCTAGTATAGGAT-AML5,11.297218,5.8224382
GTCTAGATCAGGAAAT-AML5,12.741603,7.579989
ACACCAAGTGACACAG-AML5,14.752375,5.959754
AACGTCACATTAAGCC-AML5,14.921891,6.920174
GTATTTCTCGGCCAAC-AML5,14.781942,8.195204
GGTCTGGAGCACTCGC-AML5,13.405562,6.890028
AATCACGGTCCTACAA-AML5,14.660892,7.622726
CTGTGGGTCTTCTAAC-AML5,11.862874,8.408572
CGACAGCGTGTTTGCA-AML5,16.240974,7.045145
CAGTTAGTCCGCATAA-AML5,12.701136,5.9547563
TTCTAACTCCGACATA-AML5,13.96279,7.4780054
GCACTAAGTTTGTTGG-AML5,13.100349,4.935277
TAGTGCAAGCGGGTAT-AML5,11.93206,7.0848794
GATGACTCAAAGCAAT-AML5,12.906989,5.8618283
TTCAATCTCGGCATAT-AML5,15.059057,5.9703107
TTCCAATCACTTCAGA-AML5,13.27989,6.6464744
GGGTTATCACGCGGTT-AML5,12.68998,7.070688
ACTTTGTTCAGAGTTC-AML5,13.38956,8.715966
AGTACTGCAAGCGCAA-AML5,15.235644,6.2614737
TTCAGGACAGAGACTG-AML5,12.283635,7.118525
ATCACAGTCCTACACC-AML5,13.747305,7.6412535
TCAAGTGTCCACGTAA-AML5,13.546728,6.5550528
TCCTGCATCCGAAGGA-AML5,14.112554,6.4677787
GCAACCGGTGCACGCT-AML5,16.416365,7.177899
TCAGTCCAGGGTAGCT-AML5,14.751378,5.0981793
CACGTTCCAAGAAATC-AML5,13.347417,6.738902
AGTCTCCGTGACTGTT-AML5,13.066821,5.4090757
CTCAGTCCACTGCGAC-AML5,13.842814,7.400575
CATGCGGCAAGCTCTA-AML5,14.372025,7.2614026
TAAGTCGTCCTATTGT-AML5,12.375551,6.5197763
GACCGTGCAGAAATCA-AML5,14.1400795,5.646301
GGGCGTTGTGCGTCGT-AML5,13.458454,6.9205422
TAGGTTGGTGTCCACG-AML5,12.990117,6.6484118
CGTAGTAAGTTAGTAG-AML5,11.140214,5.7664433
CTCCATGAGTATAGAC-AML5,14.209163,5.057306
CCACACTGTTGACGGA-AML5,12.668058,7.8642488
CTTACCGAGAGACAAG-AML5,15.089001,8.111499
ATTACCTAGCGTTAGG-AML5,14.2924595,3.8908422
TGTTCTAAGGTTCAGG-AML5,13.842375,4.9343944
CATCGCTAGGCTGAAC-AML5,16.536205,5.836947
TGTGGCGTCGTTCCCA-AML5,14.176245,8.857188
CTGGACGGTATAGGAT-AML5,15.014992,7.749549
GGTTCTCAGAAGTCTA-AML5,14.32688,4.3484077
TGCGGCATCTGCAGCG-AML5,11.325671,5.8875012
CTCCATGAGAGCAACC-AML5,15.90181,7.178731
TCGCTCATCAGCTTCC-AML5,14.744069,5.7059426
AGACAAAGTCGCCTAG-AML5,11.817536,6.1364493
TCTTAGTAGGATTTAG-AML5,13.754955,9.0690775
AGTAGTCCAGCGGATA-AML5,14.733119,5.3903594
CGCGTGACAAATACAG-AML5,12.420453,6.294193
CCTTCAGTCTACTTCA-AML5,12.162009,6.5576534
TATTGGGAGCATGCGA-AML5,14.293325,5.169328
CGGGCATCAGCCGTCA-AML5,11.97249,6.7064686
CAGCCAGTCACTTTGT-AML5,14.49853,6.3660173
CGCATGGCAGAGTTGG-AML5,14.794648,6.937631
CGTTGGGGTCGCACAC-AML5,14.421446,5.9107814
TGATGCACAGGGTTGA-AML5,14.678762,4.993
GGTCACGCAGACCTAT-AML5,14.130963,8.3798485
TCACACCCACTTACAG-AML5,13.658811,7.3343945
GAGTCATGTCATGACT-AML5,14.354242,8.265901
TATATCCCATAGCACT-AML5,11.12308,5.5625
CTTCCTTAGTCGAAAT-AML5,12.947267,8.362983
CGCAGGTAGCACTAGG-AML5,16.132826,6.85811
GTGACGCGTAAGGCCA-AML5,12.194111,6.7415047
CAGTGCGCATCTTAGG-AML5,14.256181,3.8425584
GCAACCGTCCACTAGA-AML5,14.08538,5.2374396
ATTTACCTCCTAACAG-AML5,11.780437,7.418102
CATGCCTAGAGAGAAC-AML5,14.346139,8.057524
GAGTTACAGACTGTTC-AML5,12.343694,3.5650716
TACGTCCTCGCTTGAA-AML5,11.412958,5.5902004
CGCCAGAAGGGTCTTT-AML5,13.205568,5.281367
AGCGTATGTAGGCTGA-AML5,14.265014,3.9258413
TGCGACGTCAGCAATC-AML5,12.4658985,5.833638
TCATCATCACGTACTA-AML5,11.705721,7.773771
TTGCGTCTCTTACTGT-AML5,13.543464,6.8387547
GTGAGGAAGAAGCTCG-AML5,14.578505,5.362706
GTGACGCCAGACAAGC-AML5,12.948606,8.577982
GAGTGAGCATCCGTTC-AML5,13.478438,8.045034
GACGCTGGTTTACCAG-AML5,12.546778,9.097954
GCATGATGTAGTTCCA-AML5,14.829231,4.9968343
TGATTCTCAATAGGGC-AML5,13.797592,5.261648
ATGAGTCTCCGTGCGA-AML5,12.912652,7.6541715
CCCTAACTCGCTAAAC-AML5,12.716476,3.6990428
CTATCTATCCTCACTG-AML5,11.680427,6.12123
ACAACCAAGGGAGATA-AML5,14.973492,7.731353
CATACAGGTGCAACAG-AML5,13.987634,6.348798
CATACCCAGCATCCTA-AML5,13.633833,8.431208
TATCGCCGTATTGAGA-AML5,12.27384,3.4600956
ACTCCCAGTCATGGCC-AML5,14.845203,6.7324166
TCGAAGTAGCGCAATG-AML5,13.652634,6.1669273
GACCCAGCAGGGAGAG-AML5,12.086088,5.5673456
CAGATTGCACAATCTG-AML5,14.708846,7.8554845
TGGTACAGTTCATCGA-AML5,16.257147,7.163911
AAGAACACACCTGCAG-AML5,13.660329,6.0965104
AAGGTAATCATGAAAG-AML5,14.4029455,6.8721213
CATGCTCCAGCGTGCT-AML5,16.411333,5.846483
GTGTGGCAGTCGCGAA-AML5,13.326208,5.3978333
AACCCAAAGCTAGAAT-AML5,12.003945,6.3185163
CTCCTCCAGGACGCAT-AML5,16.535254,5.9137917
CAGCAGCCACAGAGCA-AML5,12.750076,3.8618772
GTGTCCTCATACACCA-AML5,11.646209,5.94074
ACACTGAGTGATGTAA-AML5,11.129438,6.518001
ATCGGCGCAGTCACGC-AML5,13.638223,6.527543
ACGGTTAGTAGCGATG-AML5,14.731722,6.4187016
CCGATGGCAGGCGATA-AML5,12.526687,6.5302944
CATTCTAGTCTCGGGT-AML5,13.50468,7.6828027
ATACCTTCAGGCGTTC-AML5,12.56605,8.168301
GTTTGGAGTTCTTGTT-AML5,11.916014,5.5965166
CTGTATTTCTACGCGG-AML5,13.35264,7.7059736
TGCTCGTTCAACCTCC-AML5,12.645449,4.116524
GAAATGATCTAGTCAG-AML5,15.913632,5.685088
TAGCACACAACACAGG-AML5,14.662334,6.461067
GTTCATTAGTGGCAGT-AML5,12.986327,5.8334217
TCCTTCTGTGTCTTGA-AML5,14.00302,5.4110427
CCTCTAGGTACTCGCG-AML5,11.484786,7.4721036
CAATACGCATGATAGA-AML5,12.485632,6.933096
TAAGTCGAGTATTCCG-AML5,13.097957,5.8798113
CATACAGCAACGTATC-AML5,12.957587,5.439444
CTCAGAAGTAGACACG-AML5,14.986,6.831297
ATACTTCGTCACCGAC-AML5,12.703528,7.8097954
TCAAGACCAGCACACC-AML5,12.545783,6.7000866
CCACGTTAGTAGGGTC-AML5,14.320232,3.860738
GCATCGGGTGTTAGCT-AML5,12.513387,7.562139
CAGATACAGGAAAGTG-AML5,14.661792,4.9267664
CATAAGCTCCGCGATG-AML5,13.61312,7.6412315
AGAAGCGCAATAACCC-AML5,14.708486,6.797008
AACACACCATCCGGTG-AML5,14.015767,5.701726
CTATAGGAGTCTGCAT-AML5,15.986028,6.435033
CACTGAATCCTATTGT-AML5,11.036812,8.055305
TCCTCCCTCCATAGAC-AML5,12.486366,7.5976224
TGGGCGTGTGAGCGAT-AML5,11.512175,7.753165
GTAATCGAGCATGCAG-AML5,12.577081,3.767873
CTTCCTTGTGCATGAG-AML5,13.179975,5.7671814
GACCCAGTCTGGACCG-AML5,12.61513,7.5856547
ACGGAAGAGGCCTTCG-AML5,13.310127,7.70076
ACTTATCCAGTCTACA-AML5,13.512358,5.418173
CTGCATCCAGAGGCTA-AML5,12.293297,3.8969462
TTCTAACGTATCGAAA-AML5,12.882935,7.919962
CGCATGGTCCCTTGTG-AML5,15.238608,6.6440234
AGGGCCTCAGCCGTCA-AML5,14.854738,7.0566907
GTCACGGGTGAGACCA-AML5,14.274722,4.1271386
GATCCCTTCGTAGGGA-AML5,4.5589223,8.39587
GTGGTTATCGCATTGA-AML5,10.818047,7.8420963
GTTACAGGTGTAGGAC-AML5,14.6539755,7.1790733
GCATGATTCTTCGGTC-AML5,11.746673,5.3862224
GAAGTAACACTTACAG-AML5,12.610863,9.193675
CACAACACATGGATCT-AML5,14.066435,7.767851
ATGTCTTTCATTGTGG-AML5,12.337056,7.781474
AAGTGAAGTGGCGCTT-AML5,13.671762,7.9995327
ATCCGTCCACTGCGAC-AML5,10.771805,7.548944
CCTGCATGTACACGTT-AML5,14.266576,6.3763585
TTAATCCAGTAGTCAA-AML5,13.041186,7.6725044
TCTACCGAGTATCTGC-AML5,11.527069,5.2915225
GAGTTGTAGTAGGAAG-AML5,10.499693,7.7653947
TCAATCTTCCTGGTCT-AML5,12.687883,9.279411
CCGGACAGTCACCCTT-AML5,11.058907,7.1947384
GGTGGCTTCCTGGGTG-AML5,12.085361,6.4922895
TCTCACGTCGTGAGAG-AML5,12.386943,8.177558
TTTGTTGCATCGGATT-AML5,12.045913,7.125605
TACTTCAGTAGCGTCC-AML5,13.429915,7.3716617
AGCTACAGTGACTGAG-AML5,14.131817,6.34385
TGTTTGTTCCGAAATC-AML5,14.759777,6.0126944
GGTAGAGGTTTGGAGG-AML5,12.146495,7.822252
GGAATGGCAGTTGCGC-AML5,12.708862,6.033513
GGCAGTCTCCCATACC-AML5,15.071044,5.082566
TGAGTCAAGCCGCTTG-AML5,14.139931,6.403745
CTCATGCAGCGAATGC-AML5,13.173273,6.700755
AGAGCAGGTGTTTGCA-AML5,13.108623,6.9621086
GTGGCGTTCCATCTCG-AML5,13.838399,5.5795627
GGAGGATAGAGAGGGC-AML5,11.312808,5.5288095
CGTCAAACACCATAAC-AML5,16.176908,6.7483063
TCCACCAAGAGAGGTA-AML5,14.702419,5.7003675
AAAGTCCCACCGGCTA-AML5,14.979718,7.2998476
CGGTCAGAGCCTAGGA-AML5,11.958428,7.241427
GTGGTTAGTAGGAGGG-AML5,14.143936,7.759364
ATGCGATGTCTCGACG-AML5,13.844241,6.8669786
AATCACGAGATTCGCT-AML5,12.857998,5.3609333
CAAGACTTCACACGAT-AML5,16.244093,7.213849
CAATACGGTATCCTTT-AML5,14.461763,4.208717
GTGGCGTCAGATACTC-AML5,11.148018,6.4412675
CCTCACACACTCACTC-AML5,11.002042,7.7779846
TGACTCCCAAGTCGTT-AML5,16.293999,6.757352
GTTGTGAGTAGCACGA-AML5,14.257524,4.8802333
TTACGCCCATCTTAGG-AML5,10.408131,7.845918
TTGGTTTCACCCTTGT-AML5,12.780225,6.2218575
ACACAGTGTCCCGCAA-AML5,14.056666,4.0787435
GGGACCTCACCGGTCA-AML5,13.692469,6.9293804
TGTTGGATCGTCCATC-AML5,15.75008,7.286555
AACAAAGCAGTTACCA-AML5,14.009165,6.2780247
CTGGCAGCATGCGGTC-AML5,12.818087,6.253613
AGTAGCTCACTGATTG-AML5,14.586722,8.31922
TAGGTACAGTCCTACA-AML5,13.442012,7.858194
CCCAACTAGCCGAACA-AML5,13.65785,8.300581
CAATCGAAGGATTCAA-AML5,15.077011,5.172268
TAATCTCGTGCCGTAC-AML5,15.329083,6.1859756
GTGCTGGCAGCAGAAC-AML5,12.757457,4.9924097
GAAACCTCAGTCTACA-AML5,12.412807,3.6913185
CCGATGGTCGTCGATA-AML5,4.559261,8.395794
CATGCCTGTCTGATAC-AML5,14.318663,7.354427
TCGCAGGCACTACTTT-AML5,12.210444,7.7756886
TCGACGGTCGTGTCAA-AML5,13.854523,4.900086
GTGTGATCAGCAGTTT-AML5,13.101612,8.137168
GTCCTCATCCTAGCTC-AML5,13.920456,6.5825286
GAGGCAAGTGGGACAT-AML5,14.632511,6.67941
CCTAAGATCTCAATCT-AML5,11.317504,6.6014924
GTTAGACAGTACTCGT-AML5,12.143651,5.8864174
CCCTCAACATCGGAAG-AML5,14.069301,7.694121
GAACACTTCCGAGTGC-AML5,12.836443,6.967534
AGGTTACTCGCGGACT-AML5,13.599888,5.809649
CAGAGCCGTGGTATGG-AML5,13.842254,5.138341
CTGCTCAGTGTAAATG-AML5,14.406942,5.239914
TGCAGATGTGACTGAG-AML5,12.648001,7.111139
ACATGCATCAACTACG-AML5,15.967641,6.9041753
ATGGTTGTCACCATCC-AML5,13.35114,9.432602
GTGGGAAAGACGTCCC-AML5,14.132823,6.818597
GCTACAAAGCCTGGAA-AML5,14.480696,4.115354
ACGGTCGCAGGTATGG-AML5,12.0377,6.4805694
TGACCCTTCGACGATT-AML5,14.998112,8.162261
TAGACCAGTAAGATTG-AML5,15.388535,7.2888885
GCACATATCCGCATAA-AML5,15.646415,5.7983456
GTAGAGGTCTGAGAAA-AML5,12.78063,6.525268
TACACCCGTGCTTCAA-AML5,13.621088,5.107945
TCGTGCTAGGAGGTTC-AML5,12.670509,6.0212297
TCGGGCACATAGAATG-AML5,13.049345,6.603894
AGAGAGCCAACCCTAA-AML5,13.063044,4.1784697
GGGTCTGTCCATCTAT-AML5,14.235581,7.759331
ACTTCGCGTACCCGAC-AML5,16.238644,5.896666
ACTCTCGCAGACCATT-AML5,13.868748,9.045218
CTACATTTCTCTATGT-AML5,15.008229,5.5079126
ATTACTCCACAAATCC-AML5,13.97422,7.9279695
CAGATACTCTAGTCAG-AML5,12.295042,6.3303823
CATACTTAGTCTTGGT-AML5,11.960227,7.092923
CTGTAGACACCCTATC-AML5,15.546989,7.3377347
TCTCCGACATATGCGT-AML5,12.346142,8.3851185
CTCATGCAGGGCTTCC-AML5,13.3217,7.6943345
TCCGAAACAAGGACAC-AML5,14.569422,8.176542
TGATCAGTCTAAACGC-AML5,14.640336,5.081745
AGAAGTATCGTGGGAA-AML5,13.539403,6.0056005
GTTACAGTCGTCGACG-AML5,14.697533,6.727622
ATGAGTCTCGCAATTG-AML5,14.303732,8.400895
TTGCTGCGTGGAGGTT-AML5,15.546154,4.8855057
CATAAGCTCGAAGTGG-AML5,13.717437,5.2568364
GCGTGCAGTAGCGTAG-AML5,13.338752,8.602704
ATTCCCGGTGGTCTTA-AML5,13.141376,6.943662
ACTTTGTTCCGTCACT-AML5,12.690935,8.27473
TTTCACACACGCGTGT-AML5,14.702653,6.948905
TCACGGGCATTGTACG-AML5,14.26846,6.1804905
TGAGTCACATCGAAGG-AML5,13.626555,7.8922944
TTGGTTTTCAGAGTGG-AML5,11.096194,7.938032
TAAGCGTTCAATCGGT-AML5,10.537107,7.811945
ATTATCCTCTAGGAAA-AML5,14.384384,7.0059786
CTCCCTCAGCGTCAGA-AML5,10.53237,7.485028
GGTCTGGCAGAGTCAG-AML5,12.360097,5.3950624
GTTATGGGTATCGTTG-AML5,13.648815,7.004245
TTTAGTCTCCATTGTT-AML5,12.381421,3.6132286
AACCACAAGACACACG-AML5,14.031393,7.6435313
TTAGGCATCGACACCG-AML5,11.023161,7.7449317
GTTGTAGTCGCCTTGT-AML5,11.68058,7.260219
GGCACGTTCCAGTACA-AML5,14.649866,7.1738667
CTCCTCCTCAGAGCGA-AML5,14.147483,6.3899026
GCTTCACGTTCAAGTC-AML5,11.36989,9.582712
TCGTCCATCGACGTCG-AML5,14.558944,6.392815
CTGCTCACAGGTCTCG-AML5,16.386889,7.1644955
CGTGATAGTGTTGATC-AML5,12.333593,7.118897
AGTAGCTCACCGTGAC-AML5,15.326255,5.0204835
CGTGTCTTCACATACG-AML5,12.605449,8.121234
CAATTTCGTCCAGCAC-AML5,15.24618,5.5802045
TGCGACGAGCTGGCCT-AML5,14.811341,6.7316465
GTGACGCGTCCATAGT-AML5,11.287335,5.532998
AGGGTGAGTGCATACT-AML5,13.856687,4.1716733
TGCAGATGTGGGACAT-AML5,14.210166,5.3392215
TTCGATTCAGAGAAAG-AML5,12.193738,7.276736
CCCTAACTCATCGCAA-AML5,13.929992,6.6432834
GTCCCATGTGCCGTTG-AML5,14.531467,9.118698
AGTACTGCAAACGGCA-AML5,14.560046,9.102144
ACTTTGTTCTTTGGAG-AML5,16.243185,7.1688776
CTACCTGCAGCACCCA-AML5,12.894241,8.58317
ACCCTCAGTCGGATTT-AML5,12.680465,8.30968
GCTACAACACTACCGG-AML5,13.66339,5.6153393
GTAGGAGCAATCAGCT-AML5,13.968355,6.4450474
TTATTGCAGCGCGTTC-AML5,13.062333,5.458975
TCGCTCAAGTCCTACA-AML5,11.121606,6.6878815
GAACTGTTCTGATGGT-AML5,12.807483,8.747809
TTATTGCAGGGCGAGA-AML5,12.509349,8.576968
GATTCTTCAGTTGTTG-AML5,13.428757,5.370104
GATGAGGCAACGTTAC-AML5,13.132441,5.991474
GCCAGTGTCTGATGGT-AML5,12.419042,6.937849
TCGCTCAAGGTAGCAC-AML5,13.329762,8.769224
CTTCGGTCACCACATA-AML5,12.702222,8.967544
TTCTCTCAGCGCCATC-AML5,14.357103,6.9172325
TGCACGGGTTCTCACC-AML5,12.310702,3.5748086
TGCGGCACATTCAGCA-AML5,15.255194,5.730706
CTCCTTTAGACGCATG-AML5,16.35525,6.8722153
AACGAAATCCAACACA-AML5,16.243544,6.4167986
ACACCAAGTAGTCTGT-AML5,16.276361,7.1642613
ATTCCCGCAGACTCTA-AML5,11.864882,7.2084155
ACTATCTGTCGGAACA-AML5,14.225781,7.0135736
ATTCACTGTAGGACTG-AML5,14.831407,6.9086757
CAACCTCAGAGGCGTT-AML5,13.963214,7.0995097
AGTCATGTCTAGCATG-AML5,13.586121,7.1415977
CTTTCGGCAGAGACTG-AML5,13.94036,6.074556
GCAACCGCAGAGATGC-AML5,16.728752,6.0461817
GTTGTAGCAAACACCT-AML5,13.118972,5.7013993
TAGGAGGTCTGTGTGA-AML5,10.722091,7.695328
GTTGCTCCAGACGATG-AML5,13.829318,6.2048225
GAGGCCTTCCAAGCCG-AML5,12.676705,6.7135434
GGAATGGAGGCTTAGG-AML5,13.810298,6.4329925
TTGGTTTGTTTCTATC-AML5,13.473051,9.073584
CGGGTCATCTTCGTAT-AML5,13.75338,5.5341816
CGGAACCTCAAACCTG-AML5,16.476347,5.767873
TCAAGACAGACCTCCG-AML5,10.544972,7.767991
GAAGGGTAGGCACCAA-AML5,11.658296,5.360441
TCATGCCAGGCTCAAG-AML5,14.267748,3.8995464
GAATCGTTCAGAGCAG-AML5,13.542056,8.111034
ACCCTTGTCTCCAAGA-AML5,16.650902,5.9965067
TCCCAGTCAATCCAGT-AML5,14.125826,5.860164
ACAGGGACATCGATCA-AML5,12.974671,8.384809
TCCTGCAAGGAGTCTG-AML5,13.900637,6.5193424
TCCCATGGTGCCCTTT-AML5,14.658438,7.4147406
GCTCAAACATTGTAGC-AML5,12.77514,6.141459
CTATAGGTCGATGGAG-AML5,12.848047,6.290888
TCATCCGGTATCTTCT-AML5,16.676216,5.927018
TCTGGCTAGCTTTCTT-AML5,13.554954,6.6540265
AGTAACCTCAGCTAGT-AML5,14.806365,7.2565265
GCAACATTCTAGTCAG-AML5,14.468737,4.318301
TTAGTCTCACCGTCGA-AML5,14.485641,7.275585
GAAGAATTCTAGATCG-AML5,12.940579,8.115032
AAAGGGCCAATACGCT-AML5,14.870417,7.787886
TATACCTAGCTAGCCC-AML5,14.646482,6.3039484
GGGTTTAGTAGTTAGA-AML5,16.263882,7.1229095
GTTCTATAGATGCTTC-AML5,15.0171175,5.067072
GACTATGAGACGAGCT-AML5,11.944633,5.3573284
AGACCCGCACGGGCTT-AML5,14.939583,5.650622
CAACAGTTCATTTACC-AML5,12.964238,7.464311
GACGTTAAGCCATTCA-AML5,14.537605,6.4774656
GATCATGCATCGGTTA-AML5,14.746212,5.148125
CTGGACGTCGAGCCAC-AML5,11.1529455,6.733055
GTTAGACGTAGTCTTG-AML5,12.413185,6.00113
TGAATCGTCGGTAGAG-AML5,15.342629,6.735074
CCTACGTCAGTCGCTG-AML5,12.79512,6.5274987
GTCGTTCGTCCAGTTA-AML5,12.799487,5.57574
CTCCAACTCAGGGTAG-AML5,12.8666315,8.35658
GCTTGGGCAGGCCCTA-AML5,15.696725,6.3460264
TACCTCGTCGCAGATT-AML5,14.147267,4.2238865
TATTGGGCAATTCTTC-AML5,13.521763,5.972145
CTTCGGTCATACATCG-AML5,13.700893,6.852731
TAGGTTGGTCGAAACG-AML5,13.359693,7.7251587
CTCACTGGTTTGGGTT-AML5,11.390245,5.534477
CAGCAATAGCCAACCC-AML5,13.958941,4.578658
AGCTACAGTGGCCTCA-AML5,14.7157,7.428275
AAGTTCGCAATAGGGC-AML5,10.527963,7.6956573
CTCATTATCGCACTCT-AML5,11.907641,8.309866
ATCTTCACAGAAGCGT-AML5,14.563493,6.2331696
TAACCAGAGCCAAGTG-AML5,13.5982685,6.2848077
AACCCAAGTTCCGCAG-AML5,13.906422,7.315111
ACGATCAAGTGGTCAG-AML5,12.342511,8.132344
TAGACCAAGCAGGGAG-AML5,12.431407,7.805326
TTGCGTCAGACATCCT-AML5,14.157065,8.299783
TATTCCACAATAGTCC-AML5,14.0531845,5.8347907
AATCGTGGTATCACCA-AML5,13.352387,5.409595
ACGTTCCGTGCCTGCA-AML5,11.127169,7.9401917
CCCATTGTCCCGATCT-AML5,15.495604,4.9102006
CAGCAGCCAACTGAAA-AML5,14.134535,6.035407
CGTGATAAGCATCAGG-AML5,13.918532,6.304497
AAACGCTTCTCATTAC-AML5,12.30095,7.0942073
TTCTCTCTCCTCTAGC-AML5,14.878332,8.389111
TGGGTTAGTGAGGATC-AML5,13.078808,5.974681
GGTGTCGAGACAGCGT-AML5,13.044196,6.3787804
GAGTCATAGTCCCGAC-AML5,12.616158,5.255342
AGATCCATCTTGCAAG-AML5,14.643308,6.697753
CACTAAGGTCTTCCGT-AML5,12.269197,7.9678116
ATTACCTAGTAGACCG-AML5,12.92683,8.654028
CTACAGAAGAAGCGCT-AML5,14.479087,7.2905064
TCCGATCAGTAAACAC-AML5,12.839402,5.8874755
TGACGCGCAGAGTGAC-AML5,13.254068,7.207795
ACTACGACACAGTCAT-AML5,12.076908,5.117265
CATTGCCCACCGGCTA-AML5,14.906956,5.9871125
GGGATCCTCCTCTAGC-AML5,11.32672,9.647732
AAAGGGCAGACATGCG-AML5,14.852802,7.575585
AACCTTTTCCCTGGTT-AML5,13.343899,8.70617
TTCCTCTGTCAACCAT-AML5,12.665708,7.3695245
CAAAGAACATAGAGGC-AML5,12.612257,4.0241647
CGGTCAGGTAGGGTAC-AML5,13.829498,4.5527096
GAGTCTAAGAGTTGTA-AML5,12.587767,3.8663554
TGCGACGAGGATGTTA-AML5,13.4028225,5.502584
CAACGATAGCTAGTTC-AML5,13.454626,4.747266
CACAACACATGACAAA-AML5,15.159287,6.599505
ACACTGACAGTAACCT-AML5,13.707391,6.09613
TGCGGGTTCCAGTGTA-AML5,15.081922,8.10207
AACCTGAAGACTCGAG-AML5,15.173379,7.0753655
AGAGAATAGCGACTGA-AML5,14.515455,6.1136074
TTACGTTCATGTTACG-AML5,13.065923,7.32661
GACCCAGAGTATAGAC-AML5,11.24607,7.124159
GTGGCGTGTGAGTTTC-AML5,14.189984,6.5549884
AACCACATCTTCGCTG-AML5,11.651642,9.153014
CGGAATTCACAGCATT-AML5,12.27944,3.5444033
TCATTCACAAGCTACT-AML5,12.531029,8.259148
ACGGGTCGTCGGTACC-AML5,12.129916,8.696554
CGTAATGAGGACAAGA-AML5,14.853037,6.3436456
TGTTACTCATCTGCGG-AML5,13.683599,5.3121953
TACCCACGTTCGGTTA-AML5,14.609052,5.569229
GACTGATCACGTGTGC-AML5,12.628255,7.353093
CTAACTTGTTTGCCGG-AML5,11.967423,8.004662
TACAGGTCACCCAACG-AML5,13.907616,8.363568
CAGATTGTCATACGGT-AML5,12.726187,5.3088365
GCCCGAAGTGTCTTCC-AML5,12.883703,8.208818
GATCCCTAGACTTCAC-AML5,10.813479,7.972749
GTGTTCCGTGTCATGT-AML5,12.08007,5.9342484
TGGATGTTCATGCCAA-AML5,13.426926,6.7298408
AGTAGTCCAGTTACCA-AML5,16.143234,6.1323404
ATTCGTTCACCTATCC-AML5,13.714963,6.477243
CGTTAGAAGACTGTTC-AML5,16.675333,5.8613596
CGTGTCTGTCTTTCTA-AML5,14.794843,5.7325377
TACCGGGAGGCTATCT-AML5,13.970224,7.9426455
CTGCCATGTTTGACAC-AML5,14.423444,6.097515
CAGTGCGGTTTCCATT-AML5,13.339893,8.133572
GTTACAGAGTTGGCTT-AML5,10.29726,7.8006935
CGCATGGGTCAAAGAT-AML5,13.993004,4.7795777
AGTCACAAGGCAGGGA-AML5,14.0775385,5.394824
CAGAGCCCAACCAACT-AML5,13.35796,7.474225
CGAAGGACACAAGCCC-AML5,12.362266,3.658615
TTTGGAGCATGAAGGC-AML5,13.874393,5.8320894
GGCAGTCCACTACTTT-AML5,13.049201,4.334824
ATTCGTTAGTTTCGGT-AML5,14.43842,4.7883186
GAAGCCCGTAGGTTTC-AML5,13.913326,5.603623
CTCCAACCAGCGACAA-AML5,14.994454,6.130655
GTAGAGGAGACTCTTG-AML5,14.387871,5.4849415
AGGTTGTAGGAGCTGT-AML5,12.75562,8.178794
GTTCATTAGGGACAGG-AML5,10.419076,7.858029
GCCGATGCAACAAGAT-AML5,13.819129,5.594908
GAATCGTCAAGAAACT-AML5,11.041053,5.591564
CGGAATTTCGACGCGT-AML5,14.102031,5.730406
CATACAGTCTTCTGGC-AML5,14.245341,5.5519333
GAGTGAGTCGCAGTTA-AML5,12.480241,5.842579
CCTGCATGTCGTTATG-AML5,13.034552,5.9210954
GCGATCGTCAATCTTC-AML5,12.228412,7.7672215
CATAGACGTGTCATTG-AML5,14.5581,6.4873385
ATCATTCGTCACGTGC-AML5,13.202649,8.029799
AATCGACTCGCTGCGA-AML5,11.717574,7.1572175
ATGCGATTCAGCAATC-AML5,14.708891,6.0472107
TATTCCACACCCAATA-AML5,16.196564,6.1958528
CGCGTGAAGTGTTCAC-AML5,14.042022,6.238906
GTCAGCGGTGATTGGG-AML5,12.641098,4.004752
GAGTCATGTCTAATCG-AML5,13.709845,6.7320914
TTACAGGCACATGACT-AML5,12.575246,8.617311
ATTCATCCAGGCCCTA-AML5,14.741161,5.7206883
GGAGCAATCTTGAACG-AML5,11.07614,5.7194414
CTGCTCACAGCGGTCT-AML5,13.2322445,6.137391
CACATGATCGGTCGAC-AML5,11.6428175,6.9673786
AATCGTGCAAATGAAC-AML5,14.425083,7.865587
GAATCGTTCTACTATC-AML5,12.067451,7.2651787
TCCGGGAGTAGACGTG-AML5,13.346677,8.034181
CCGAACGCAGAAATTG-AML5,12.472332,9.479606
CCAAGCGTCGAAACAA-AML5,14.55013,6.810002
GTTCATTTCTCCGATC-AML5,13.126277,5.9378495
TACTTACCACCGTGGT-AML5,11.916532,7.0819516
TGTGAGTTCTAGGCCG-AML5,14.401463,4.2688637
ACCCTTGTCACGGTCG-AML5,11.577293,5.7958584
CACCAAAAGTCTGCAT-AML5,12.9052305,4.6170216
TTGCGTCGTCGCTTAA-AML5,13.812277,6.1628084
TGGTTAGAGTGGTTAA-AML5,10.4686365,7.8967547
ACGGAAGTCTACCCAC-AML5,12.404585,8.386791
CATGCCTTCGCAAGAG-AML5,12.600662,4.980333
GGTAACTGTTATCTTC-AML5,12.689952,8.106215
AACCCAATCGAACCTA-AML5,14.2139635,4.205153
ACCTGAAGTCGGTGTC-AML5,11.177449,6.1807427
AGCGCTGTCGCAGTCG-AML5,12.54609,6.1046805
ATCGCCTTCCGGCAGT-AML5,11.301566,7.467675
TCAGTTTCACAGTGTT-AML5,13.072965,5.2654896
TCTATCACAGTCGGTC-AML5,12.992191,4.916107
TGGTTAGAGCTGTCCG-AML5,15.300938,4.985317
TACTGCCAGACGAAGA-AML5,12.108406,7.3509345
GACCAATCATAGCTGT-AML5,16.6633,6.296483
CGGAACCTCTCTCTTC-AML5,11.174704,6.565508
AGCGTCGAGACAAGCC-AML5,12.589365,7.7978373
CTGTACCGTACGATTC-AML5,12.764978,8.383265
TCAAGTGAGCGTATGG-AML5,15.192609,7.308722
AATGAAGGTCCTGGGT-AML5,16.27541,7.102452
TACCTGCCAGAACTCT-AML5,14.888291,5.5993276
TACGGTAGTGCGGCTT-AML5,13.813371,7.235324
AACCACAGTGGTCAAG-AML5,11.310644,9.664711
ATGGGAGGTGACAGCA-AML5,13.108093,7.231308
GACATCATCTTCCACG-AML5,12.116593,6.1529875
AATGACCGTCGGAAAC-AML5,12.037266,6.4600782
TCGACCTTCAAGTAAG-AML5,14.661492,6.2915792
GTCAAGTGTCCGACGT-AML5,15.957438,6.3855624
AGTCAACCAGGCACAA-AML5,14.355969,6.757739
ACGCACGAGAACTCCT-AML5,10.523729,7.9040346
ATTCCTACACAAAGTA-AML5,4.559598,8.395751
AATAGAGCACCTGATA-AML5,13.525455,7.0717435
ATACCGAAGCCTCACG-AML5,14.112283,5.2080398
AGTACCACAGACCAAG-AML5,13.804788,5.537626
CCTATCGGTTGTGGCC-AML5,12.956534,6.127946
ATTACCTAGTTTGGCT-AML5,13.839741,5.09804
CGGGACTGTGTCGATT-AML5,13.8500395,7.486676
GCGGAAAGTACGCGTC-AML5,13.981292,5.358955
CCTCCAACACTGATTG-AML5,14.491301,7.306764
CATCCGTTCTCATGCC-AML5,13.736004,5.791935
AGTGATCCACCCAAGC-AML5,13.286453,8.157942
GCAACATCACAATGAA-AML5,12.356776,3.72096
GTGCTGGGTCCTGAAT-AML5,13.430269,7.151506
CATCGTCAGTCAGGGT-AML5,11.850761,5.254927
CCTTTGGCAACTCCCT-AML5,14.798498,6.0171576
GGAATCTCAGCGTTGC-AML5,10.401968,7.7980227
TGCCGAGAGGTCATCT-AML5,10.861074,7.9011283
TAACGACGTGAGGCAT-AML5,15.79773,7.725965
ACGGGTCAGTCTAGCT-AML5,14.384044,8.5116625
GCCTGTTCAGCGCGTT-AML5,13.719081,7.994506
CCACGAGTCAGCAGAG-AML5,10.592372,7.7064843
TCCGGGATCGGCTTGG-AML5,12.571433,3.8466425
CATACTTAGATGCTGG-AML5,14.218616,5.2396297
GACTTCCCAAGGCAAC-AML5,14.925896,7.534039
AGGTAGGAGCGACCCT-AML5,14.220176,6.128504
CACGTTCCACTCATAG-AML5,14.369339,5.543055
AGACCCGTCATGAAAG-AML5,12.6568985,3.8019674
GAGGCAACACGGAAGT-AML5,15.505922,4.9954424
ACAGGGATCGTGAGAG-AML5,14.631349,8.443234
AGGGAGTTCCATCACC-AML5,16.167627,6.9454136
GTTAGACGTGCATACT-AML5,13.177591,5.744806
GTAACACAGTAGCAAT-AML5,12.91403,5.5245433
ACGGGTCGTGCACAAG-AML5,11.8244505,8.289883
GTACAGTGTTTCAGAC-AML5,13.891101,8.26775
AAAGGTATCCCGTTCA-AML5,13.529845,6.9829783
GCTCAAACATTAAAGG-AML5,12.1681,5.1561313
TACCGGGCACTCCTTG-AML5,14.642064,5.53229
ACGTAGTAGGCCGCTT-AML5,13.222943,6.3220134
CCTTGTGCAGCACCCA-AML5,13.599292,4.827446
AGTGACTCAGAGGTTG-AML5,12.373499,7.0456243
CGTTCTGGTGGGATTG-AML5,13.273672,8.498459
GCACGTGCAGCTGTGC-AML5,12.376445,6.7483573
GTCACTCGTTATAGCC-AML5,11.619421,5.9690332
AACCATGAGCGATCGA-AML5,14.090239,4.2255373
CCTGCATAGCTCACTA-AML5,11.649667,5.403591
CTAGACAGTGTTGATC-AML5,11.227746,7.2636914
CCACCATGTCCTCAGG-AML5,14.359585,7.4949236
AGGTTACTCCGGGACT-AML5,10.472415,7.569468
ACTGATGGTGACTGAG-AML5,15.250746,5.265135
AAGCATCTCCGTTGGG-AML5,14.175235,5.878821
CCACGAGTCCCATTTA-AML5,11.709903,6.7304673
CAGGGCTTCGTAGGAG-AML5,12.972732,5.6968155
ATTCCTAAGCACTCAT-AML5,14.375191,6.6987853
TCCATGCGTCTCGGGT-AML5,13.244056,5.1420074
GTGTCCTGTACGCTTA-AML5,13.036219,5.1008105
CAAGGGACATCCTGTC-AML5,13.897304,8.796855
GTCGAATAGGAATGTT-AML5,15.848161,7.0453124
TCTCCGACAGCGACAA-AML5,15.31406,5.225087
GTTGTAGAGATTGACA-AML5,13.061618,6.8324394
TACGTCCTCACCTCAC-AML5,14.939346,8.6586685
CTCATTAGTTAGGCCC-AML5,14.446875,6.3391585
CTAGGTAGTTACCTTT-AML5,13.477987,8.233456
AGGAGGTAGCTGGCTC-AML5,15.063039,5.375199
TATTCCATCGCTACGG-AML5,13.88257,5.548867
TACTTGTCAACCGGAA-AML5,10.674308,7.8031793
GCGTGCAGTAGGAAAG-AML5,10.976104,7.5519714
CTGCCATTCCCGGTAG-AML5,12.719763,5.264068
AATGACCGTACTGTTG-AML5,12.6303,6.119595
CATACTTCAGTTAGGG-AML5,14.947476,5.643147
ATAGACCTCCAGTTCC-AML5,11.090903,5.4754324
CATGGATGTCATGCAT-AML5,12.681219,5.036773
TAAGTCGAGCCTCACG-AML5,12.04922,7.7396517
GAAGCCCCACTGCATA-AML5,12.775583,4.987127
TATCTGTGTAAGACCG-AML5,14.991138,6.967631
ATGATCGCAGAGCGTA-AML5,13.654049,6.187531
AGTCATGCAGGTGAGT-AML5,13.673608,5.1700244
TCCTCCCTCCGATGCG-AML5,12.811027,7.7605085
AAGGTAAGTGGTAATA-AML5,13.932253,5.5972996
TCACTCGCAATTGAGA-AML5,12.295724,6.033029
TGTTCATAGTTGTAGA-AML5,12.816423,6.5395317
GGAACCCAGCGCGTTC-AML5,14.403851,6.9726887
ACATCGAGTAATGCGG-AML5,14.761766,8.395923
TTGATGGAGGTCTACT-AML5,14.67843,7.720334
CCCGGAACACAGCCTG-AML5,15.104514,6.686638
CCTCTAGAGCCATCCG-AML5,14.016453,4.639186
GCGGAAAAGATAGCAT-AML5,14.912038,5.9848366
GGAGATGTCGCGTGCA-AML5,12.556865,7.7476873
CATACAGTCGGTCACG-AML5,13.073623,7.7073765
CGGGTGTGTACGTGAG-AML5,12.482437,7.6434875
CTTCTCTTCTCTGAGA-AML5,12.639698,9.042824
CATTTCACAGCTGCCA-AML5,16.409712,6.922087
TTGTGTTGTGTGAGCA-AML5,12.161111,7.135178
TCAAGTGTCCTAAACG-AML5,14.530756,6.4779525
TTCACCGCATATGAAG-AML5,14.982771,6.9386373
GCCAGCAGTACGTACT-AML5,12.56362,6.432278
TAGGAGGTCTGTGCTC-AML5,12.2403555,7.521336
TGGATCAGTAAGGCCA-AML5,12.787935,8.759312
AGCCAGCGTCGCGTTG-AML5,12.440822,7.666398
GAGACTTTCACAACCA-AML5,14.010693,6.501651
GTGTTCCTCTATTGTC-AML5,11.780084,6.9487057
TTAGTCTCATGCAGCC-AML5,13.274719,6.0533204
CGAGGCTCACGACAAG-AML5,11.304469,5.915707
GGGCTACCATTATGCG-AML5,13.640146,5.4778314
TCGCTCAAGAAACTGT-AML5,14.608513,7.530685
AAAGAACGTCCACACG-AML5,14.404194,5.6101017
GTCTAGACAAGTATCC-AML5,15.882991,7.175811
GGGACCTGTCTTACTT-AML5,15.057138,6.9772
AACGAAATCTTCGACC-AML5,13.15967,7.3383408
ACTGATGCAGGCTTGC-AML5,13.001561,8.368
AATTCCTCAGCGTAGA-AML5,14.109624,4.1817846
CGTTCTGCATAGCACT-AML5,12.265389,6.0245643
TAGATCGGTGTCCGTG-AML5,11.734296,7.4829364
CTTGAGAGTGTCTTGA-AML5,13.173337,7.8659544
GAAGGGTAGTTGGCTT-AML5,12.223815,6.136915
ATGAGGGCACGGCCAT-AML5,14.944236,8.3731165
CACCAAAAGTCTAACC-AML5,15.17113,8.081408
GATGACTCATCCGTTC-AML5,12.116552,7.7120314
TGCATCCTCCGTCACT-AML5,14.024926,6.291207
TTCCACGGTAGGCAAC-AML5,15.678902,4.9562206
TACCTGCGTGAGGCAT-AML5,15.427168,5.99845
TAACACGCAGTCTACA-AML5,15.805865,6.132403
CCTACGTAGTATGGCG-AML5,14.148948,5.513236
CAGCACGGTCTCTCTG-AML5,11.775557,7.3867097
CCCAACTGTTCTTCAT-AML5,12.367627,7.783789
CAACAACAGGCTCTAT-AML5,12.880649,5.882185
CTTCAATTCAGTGTGT-AML5,13.348516,5.281409
TTCCTCTCAGGCGTTC-AML5,13.855776,6.6470346
GCATTAGCAGCTCTGG-AML5,11.911925,7.894124
TCATGAGAGTCACTAC-AML5,14.787071,4.753128
TGTTGAGTCACACCCT-AML5,12.036895,6.385629
GTCGCGAGTTCGGTCG-AML5,12.325723,7.885826
TTAATCCCACTGCATA-AML5,12.75528,6.806601
CTACCCAGTTTGGAGG-AML5,14.413899,7.9321556
ATAGGCTTCCATTCAT-AML5,13.622596,5.1637635
CATAGACTCTGTGCGG-AML5,12.42165,4.6014366
CGCATGGAGGTTCCGC-AML5,14.397213,6.32266
TTTGTTGAGGGATCTG-AML5,12.638679,9.194072
TGGGAGATCTGGACCG-AML5,16.104563,6.5271926
ATTACTCTCCGGACGT-AML5,13.666305,7.428777
AGGGTCCTCCTAGCGG-AML5,11.55727,6.3246565
CGATGCGTCGCGATCG-AML5,15.611671,6.708994
CGTGCTTCAACTCATG-AML5,14.497679,5.376052
TCCACCATCCTACCAC-AML5,11.090864,6.1047645
ATCATTCCAGTGAGCA-AML5,12.69984,3.9673994
TTTCACAGTCCTCAGG-AML5,14.2665,5.6578403
ACTATTCTCTCGTCGT-AML5,14.237724,8.995927
AGTACCATCACTGCTC-AML5,15.07194,6.105148
GATGATCCATGTTCAG-AML5,12.63518,3.961835
CCACGAGGTCGTTATG-AML5,13.900303,6.870124
GGCTGTGGTGTCCCTT-AML5,11.154759,7.792499
TCGCTCATCGCAACAT-AML5,14.622963,5.8159094
GCAACCGAGAAGCCAC-AML5,14.37059,6.6954036
TGTTTGTCATGAAGCG-AML5,14.165037,5.5013623
CTTTCAAGTGTTCCTC-AML5,13.0161085,4.2012157
CACAACATCGCAGATT-AML5,15.139497,5.992506
GGCAGTCCATTGTAGC-AML5,15.144371,5.9185433
GTAGAAACAACACGTT-AML5,11.73381,6.2938876
GAGTCTAAGGAGAGTA-AML5,16.340029,6.971754
TCACAAGGTTGGAGAC-AML5,13.509314,7.582677
TCCTTTCTCCTTCTTC-AML5,11.711251,7.6902637
GTTTACTCAACCAGAG-AML5,13.993567,6.8268805
AGGATCTGTTTGGCTA-AML5,15.777525,7.531122
GATGACTTCGGTTAGT-AML5,15.226785,5.580398
GTGTCCTAGCAACAGC-AML5,14.282066,6.2247467
GCGTGCAGTAACTTCG-AML5,11.801067,6.4853115
GGTAATCTCGAGTCTA-AML5,13.0327015,8.712692
GGAGATGGTGAGAGGG-AML5,13.500445,6.48539
ACCCAAACAGGGATAC-AML5,15.625729,5.1597238
AGGAATAGTTGGGATG-AML5,12.694168,5.471995
GTCCCATAGTCTGGAG-AML5,13.600437,4.7583637
TCTCCGAGTATCGTTG-AML5,14.116466,5.7312403
AACGAAACAATAGAGT-AML5,14.960323,6.9891562
GCCTGTTTCACCTTGC-AML5,12.990478,6.906526
TTCCTAATCATCAGTG-AML5,11.142573,8.022096
TGCGACGAGTCACTGT-AML5,14.393841,7.8400936
